,Application ID,Application Type,Customer ID,Group Name ID,RM ID,Entered Date,Closed Date,Next Review Date,Product ID,Start Date,Term (mths),Expiry Date,Rate Applied,Margin Agreed,Capital,Annual Interest Income,Collateral Type,Face Value,Rating
0,ID1148,Dealer,IFR153,GRP507,RM2034,1/3/2015,4/26/2015,4/25/2016,PRD019,4/26/2015,24,4/27/2017,3.03,0.2,6120000,197676,Fixed Company Charge,23000000,1
1,ID1292,Dealer,IFR177,GRP516,RM2040,1/6/2015,2/5/2015,2/5/2016,PRD017,2/5/2015,12,2/6/2016,3.14,0.24,4870000,164606,Limited Cross Guarantee and Indemnity (supported),22400000,2
2,ID1193,Dealer,IFR117,GRP501,RM2020,1/10/2015,5/17/2015,5/16/2016,PRD014,5/17/2015,12,5/17/2016,2.52,0.12,6540000,172656,Bank Guarantee by Australian Financial Institution,21700000,2
3,ID1197,Dealer,IFR193,GRP516,RM2012,1/22/2015,4/8/2015,4/7/2016,PRD009,4/8/2015,24,4/9/2017,3.56,0.31,4520000,174924,Bill of Sale over business assets,17100000,5
4,ID1054,Dealer,IFR157,GRP515,RM2008,1/23/2015,2/27/2015,2/27/2016,PRD003,2/27/2015,12,2/28/2016,1.6,0.49,6500000,135850,Transfer of Mortgage over a Lease,6500000,2
5,ID1084,Commercial,IFR164,GRP517,RM2008,1/24/2015,4/5/2015,4/4/2016,PRD014,4/5/2015,24,4/6/2017,2.6,0.28,6030000,173664,Bill of Sale over business assets,4700000,2
6,ID1307,Property Development,IFR160,GRP514,RM2034,1/24/2015,4/4/2015,4/3/2016,PRD001,4/4/2015,36,4/6/2018,2.25,0.31,3950000,101120,Transfer of Mortgage over a Lease,18000000,5
7,ID1462,Property Development,IFR115,GRP514,RM2039,1/28/2015,4/21/2015,4/20/2016,PRD012,4/21/2015,12,4/21/2016,1.78,0.36,6240000,133536,Limited Guarantee and Indemnity (supported),4500000,5
8,ID1025,Property Development,IFR157,GRP515,RM2024,1/29/2015,3/17/2015,3/16/2016,PRD001,3/17/2015,60,3/20/2020,2.19,0.41,1980000,51480,Traded Equities,10500000,3
9,ID1360,Dealer,IFR103,GRP505,RM2011,1/29/2015,5/7/2015,5/6/2016,PRD020,5/7/2015,6,11/6/2015,1.64,0.37,4510000,90651,Bill of Sale over a Post Office licence,17300000,6
10,ID1476,Dealer,IFR159,GRP502,RM2008,1/30/2015,6/5/2015,6/4/2016,PRD015,6/5/2015,24,6/6/2017,3.54,0.44,5570000,221686,Gold Deposit,19900000,5
11,ID1269,Property Development,IFR101,GRP504,RM2028,2/1/2015,4/13/2015,4/12/2016,PRD004,4/13/2015,12,4/13/2016,1.64,0.13,4460000,78942,Unregistered Mortgage over an unregistered lease,13100000,5
12,ID1099,Property Development,IFR157,GRP515,RM2026,2/2/2015,3/6/2015,3/5/2016,PRD003,3/6/2015,12,3/6/2016,3.18,0.29,1930000,66971,Mortgage over Real Property (Commercial),17300000,5
13,ID1101,Commercial,IFR192,GRP502,RM2028,2/2/2015,3/13/2015,3/12/2016,PRD003,3/13/2015,36,3/15/2018,2.68,0.24,6210000,181332,Mortgage over Real Property (Industrial),4100000,1
14,ID1483,Commercial,IFR173,GRP500,RM2001,2/2/2015,3/30/2015,3/29/2016,PRD004,3/30/2015,24,3/31/2017,3.35,0.21,4730000,168388,Unregistered Mortgage over an unregistered lease,15900000,4
15,ID1138,Corporate,IFR167,GRP516,RM2002,2/3/2015,3/20/2015,3/19/2016,PRD017,3/20/2015,48,3/23/2019,1.57,0.37,3500000,67900,Bill of Sale over specific business assets,14000000,3
16,ID1359,Property Development,IFR157,GRP515,RM2023,2/3/2015,3/4/2015,3/3/2016,PRD015,3/4/2015,24,3/5/2017,3.36,0.42,6000000,226800,Collateral Type Desc,13300000,6
17,ID1324,Dealer,IFR128,GRP514,RM2025,2/7/2015,6/5/2015,6/4/2016,PRD018,6/5/2015,48,6/8/2019,3.46,0.23,5350000,197415,Commercial Property,19500000,2
18,ID1417,Commercial,IFR126,GRP514,RM2002,2/7/2015,3/7/2015,3/6/2016,PRD004,3/7/2015,6,9/6/2015,2.01,0.28,5130000,117477,Bill of Sale over specific business assets,5800000,1
19,ID1460,Dealer,IFR198,GRP511,RM2013,2/8/2015,4/19/2015,4/18/2016,PRD007,4/19/2015,6,10/19/2015,3.21,0.49,420000,15540,Transfer of Mortgage over Real Property,17800000,6
20,ID1186,Corporate,IFR192,GRP502,RM2001,2/9/2015,5/22/2015,5/21/2016,PRD003,5/22/2015,12,5/22/2016,2,0.25,6120000,137700,Mortgage over a lease,9600000,4
21,ID1421,Dealer,IFR126,GRP514,RM2009,2/9/2015,4/29/2015,4/28/2016,PRD005,4/29/2015,6,10/29/2015,2.36,0.31,3670000,97989,Mortgage over Real Property (Residential),3500000,5
22,ID1188,Commercial,IFR102,GRP512,RM2015,2/10/2015,5/20/2015,5/19/2016,PRD017,5/20/2015,36,5/22/2018,2.85,0.28,2000000,62600,Transfer of Mortgage over Real Property,13200000,3
23,ID1457,Commercial,IFR166,GRP500,RM2006,2/11/2015,4/20/2015,4/19/2016,PRD010,4/20/2015,48,4/23/2019,2.88,0.13,4430000,133343,Transfer of Mortgage over a Lease,14600000,6
24,ID1121,Dealer,IFR157,GRP515,RM2029,2/12/2015,3/2/2015,3/1/2016,PRD016,3/2/2015,6,9/1/2015,2.24,0.14,3930000,93534,Bank Guarantee by Australian Financial Institution,16500000,5
25,ID1262,Property Development,IFR117,GRP501,RM2016,2/12/2015,5/25/2015,5/24/2016,PRD004,5/25/2015,6,11/24/2015,3.1,0.35,3150000,108675,Traded Equities,11600000,6
26,ID1344,Commercial,IFR193,GRP516,RM2024,2/12/2015,6/5/2015,6/4/2016,PRD013,6/5/2015,48,6/8/2019,3.42,0.39,1360000,51816,Traded Equities,13300000,1
27,ID1370,Commercial,IFR166,GRP500,RM2036,2/13/2015,2/28/2015,2/28/2016,PRD004,2/28/2015,12,2/29/2016,2.27,0.49,3970000,109572,Bill of Sale over business assets,8900000,2
28,ID1449,Corporate,IFR146,GRP515,RM2016,2/13/2015,3/13/2015,3/12/2016,PRD012,3/13/2015,24,3/14/2017,2.91,0.28,6670000,212773,Mortgage over a lease,17100000,3
29,ID1451,Property Development,IFR154,GRP514,RM2028,2/13/2015,3/1/2015,2/29/2016,PRD001,3/1/2015,6,8/31/2015,1.71,0.16,6920000,129404,Stock Mortgage,2200000,3
30,ID1233,Dealer,IFR181,GRP505,RM2019,2/14/2015,4/21/2015,4/20/2016,PRD003,4/21/2015,12,4/21/2016,3.57,0.5,170000,6919,Transfer of Mortgage over Real Property,8700000,1
31,ID1012,Commercial,IFR182,GRP518,RM2035,2/15/2015,4/11/2015,4/10/2016,PRD009,4/11/2015,24,4/12/2017,3.64,0.18,350000,13370,Mortgage over Real Property (Commercial),11900000,6
32,ID1243,Property Development,IFR121,GRP500,RM2012,2/16/2015,3/15/2015,3/14/2016,PRD016,3/15/2015,12,3/15/2016,2.03,0.47,6040000,151000,Limited Guarantee and Indemnity (unsupported),14900000,1
33,ID1321,Dealer,IFR176,GRP519,RM2018,2/18/2015,4/5/2015,4/4/2016,PRD018,4/5/2015,6,10/5/2015,2.64,0.17,4340000,121954,Residential Property,21100000,2
34,ID1254,Dealer,IFR118,GRP514,RM2036,2/19/2015,6/7/2015,6/6/2016,PRD014,6/7/2015,12,6/7/2016,2.97,0.45,5640000,192888,Cash and Cash E,11100000,5
35,ID1276,Dealer,IFR176,GRP519,RM2034,2/20/2015,6/20/2015,6/19/2016,PRD011,6/20/2015,36,6/22/2018,2.41,0.26,3370000,89979,Cash and Cash E,8200000,2
36,ID1333,Dealer,IFR100,GRP500,RM2018,2/20/2015,3/11/2015,3/10/2016,PRD014,3/11/2015,24,3/12/2017,2.31,0.25,1080000,27648,Mortgage over a lease,18700000,6
37,ID1050,Dealer,IFR186,GRP502,RM2009,2/23/2015,4/25/2015,4/24/2016,PRD005,4/25/2015,24,4/26/2017,3.33,0.41,5100000,190740,Mortgage over Real Property (Industrial),21600000,5
38,ID1137,Dealer,IFR112,GRP507,RM2034,2/28/2015,6/2/2015,6/1/2016,PRD002,6/2/2015,48,6/5/2019,3.63,0.28,5090000,199019,Ships Mortgage,8600000,1
39,ID1410,Dealer,IFR156,GRP505,RM2037,2/28/2015,5/10/2015,5/9/2016,PRD005,5/10/2015,24,5/11/2017,3.34,0.1,3220000,110768,Term Deposit at the bank.,2600000,3
40,ID1230,Dealer,IFR169,GRP517,RM2028,3/3/2015,4/15/2015,4/14/2016,PRD019,4/15/2015,12,4/15/2016,1.69,0.23,2250000,43200,Tripartite Deed/Agreement,11700000,6
41,ID1040,Dealer,IFR195,GRP517,RM2011,3/6/2015,5/19/2015,5/18/2016,PRD004,5/19/2015,12,5/19/2016,2.09,0.25,2810000,65754,Bill of Sale over business assets,14000000,6
42,ID1118,Dealer,IFR117,GRP501,RM2036,3/7/2015,5/24/2015,5/23/2016,PRD008,5/24/2015,36,5/26/2018,2.66,0.35,4570000,137557,Term Deposit at the bank.,24900000,3
43,ID1433,Dealer,IFR119,GRP511,RM2017,3/7/2015,5/11/2015,5/10/2016,PRD009,5/11/2015,24,5/12/2017,3.65,0.25,1170000,45630,Tripartite Deed/Agreement,8500000,2
44,ID1091,Corporate,IFR108,GRP515,RM2029,3/12/2015,4/22/2015,4/21/2016,PRD014,4/22/2015,12,4/22/2016,3.63,0.17,1610000,61180,Ships Mortgage,3700000,6
45,ID1162,Dealer,IFR157,GRP515,RM2025,3/14/2015,4/27/2015,4/26/2016,PRD001,4/27/2015,24,4/28/2017,1.92,0.21,610000,12993,Term Deposit at the bank.,8100000,4
46,ID1323,Dealer,IFR164,GRP517,RM2006,3/16/2015,4/6/2015,4/5/2016,PRD001,4/6/2015,24,4/7/2017,2.67,0.13,440000,12320,Mortgage over life insurance,23900000,6
47,ID1472,Commercial,IFR116,GRP517,RM2027,3/16/2015,4/9/2015,4/8/2016,PRD018,4/9/2015,48,4/12/2019,3.36,0.25,1630000,58843,Transfer of Mortgage over Real Property,15500000,3
48,ID1225,Property Development,IFR113,GRP516,RM2029,3/23/2015,7/15/2015,7/14/2016,PRD017,7/15/2015,36,7/17/2018,3.63,0.5,530000,21889,Fixed and Floating Charge (Cashflow lending),11500000,1
49,ID1263,Dealer,IFR120,GRP500,RM2026,3/23/2015,5/28/2015,5/27/2016,PRD008,5/28/2015,12,5/28/2016,2.64,0.48,3630000,113256,Crop Lien,22500000,3
50,ID1029,Corporate,IFR160,GRP514,RM2004,3/28/2015,5/20/2015,5/19/2016,PRD002,5/20/2015,12,5/20/2016,2.74,0.26,5660000,169800,General Mortgage/Lien,18100000,6
51,ID1235,Property Development,IFR194,GRP511,RM2028,3/29/2015,8/6/2015,8/5/2016,PRD003,8/6/2015,48,8/9/2019,1.97,0.13,6290000,132090,Fixed Company Charge,11400000,6
52,ID1495,Dealer,IFR135,GRP502,RM2037,3/29/2015,7/12/2015,7/11/2016,PRD006,7/12/2015,12,7/12/2016,2.31,0.49,1850000,51800,Bill of Sale over a Motor Vehicle,14200000,4
53,ID1290,Commercial,IFR114,GRP505,RM2021,4/2/2015,5/5/2015,5/4/2016,PRD001,5/5/2015,48,5/8/2019,2.2,0.24,6580000,160552,Bill of Sale over a Motor Vehicle,8100000,6
54,ID1429,Commercial,IFR115,GRP514,RM2033,4/6/2015,7/22/2015,7/21/2016,PRD004,7/22/2015,24,7/23/2017,3.01,0.32,1350000,44955,Mortgage over life insurance,6000000,6
55,ID1156,Corporate,IFR113,GRP516,RM2024,4/7/2015,7/8/2015,7/7/2016,PRD017,7/8/2015,12,7/8/2016,3.15,0.21,480000,16128,Mortgage over Real Property (Industrial),6500000,1
56,ID1220,Dealer,IFR125,GRP514,RM2030,4/9/2015,6/28/2015,6/27/2016,PRD004,6/28/2015,6,12/28/2015,3.7,0.2,4410000,171990,Commercial Property,12700000,5
57,ID1334,Dealer,IFR117,GRP501,RM2009,4/9/2015,5/4/2015,5/3/2016,PRD019,5/4/2015,48,5/7/2019,2.92,0.46,6450000,218010,Bill of Sale over a Post Office licence,10100000,4
58,ID1305,Dealer,IFR193,GRP516,RM2021,4/10/2015,8/14/2015,8/13/2016,PRD014,8/14/2015,12,8/14/2016,2.66,0.23,5720000,165308,Transfer of Mortgage over a Lease,7400000,6
59,ID1056,Commercial,IFR150,GRP514,RM2005,4/11/2015,8/1/2015,7/31/2016,PRD018,8/1/2015,12,8/1/2016,2.83,0.29,2590000,80808,Limited Guarantee and Indemnity (unsupported),7800000,6
60,ID1463,Dealer,IFR114,GRP505,RM2032,4/12/2015,6/17/2015,6/16/2016,PRD006,6/17/2015,24,6/18/2017,2.6,0.25,6510000,185535,Mortgage over Real Property (Commercial),20200000,1
61,ID1086,Dealer,IFR195,GRP517,RM2011,4/13/2015,7/7/2015,7/6/2016,PRD020,7/7/2015,24,7/8/2017,3.54,0.33,640000,24768,Limited Cross Guarantee and Indemnity (supported),9000000,6
62,ID1268,Commercial,IFR154,GRP514,RM2019,4/13/2015,5/28/2015,5/27/2016,PRD006,5/28/2015,24,5/29/2017,3.24,0.37,3170000,114437,Transfer of Mortgage over a Lease,12000000,4
63,ID1011,Commercial,IFR156,GRP505,RM2038,4/14/2015,5/28/2015,5/27/2016,PRD006,5/28/2015,12,5/28/2016,3.42,0.21,4420000,160446,Fixed and Floating Company Charge,22600000,4
64,ID1265,Property Development,IFR194,GRP511,RM2021,4/18/2015,5/6/2015,5/5/2016,PRD003,5/6/2015,60,5/9/2020,2.95,0.46,620000,21142,Bill of Sale over business assets,14400000,4
65,ID1236,Dealer,IFR129,GRP500,RM2001,4/19/2015,5/24/2015,5/23/2016,PRD008,5/24/2015,12,5/24/2016,1.67,0.47,3120000,66768,Commercial Property,16900000,5
66,ID1264,Commercial,IFR163,GRP500,RM2019,4/19/2015,7/27/2015,7/26/2016,PRD011,7/27/2015,12,7/27/2016,2.37,0.47,4990000,141716,Fixed and Floating Charge (Cashflow lending),9900000,1
67,ID1488,Dealer,IFR198,GRP511,RM2014,4/19/2015,6/25/2015,6/24/2016,PRD019,6/25/2015,12,6/25/2016,1.62,0.4,1030000,20806,Limited Cross Guarantee and Indemnity (supported),18200000,5
68,ID1285,Corporate,IFR100,GRP500,RM2002,4/23/2015,8/31/2015,8/30/2016,PRD004,8/31/2015,12,8/31/2016,2.93,0.33,1980000,64548,Limited Guarantee and Indemnity (supported),23500000,4
69,ID1452,Property Development,IFR162,GRP514,RM2031,4/23/2015,6/28/2015,6/27/2016,PRD007,6/28/2015,48,7/1/2019,2.32,0.48,4140000,115920,Fixed Company Charge,5100000,3
70,ID1088,Corporate,IFR151,GRP517,RM2027,4/24/2015,8/29/2015,8/28/2016,PRD013,8/29/2015,60,9/1/2020,3.67,0.26,4000000,157200,Bill of Sale over specific business assets,15200000,3
71,ID1139,Dealer,IFR161,GRP507,RM2013,4/24/2015,8/6/2015,8/5/2016,PRD003,8/6/2015,12,8/6/2016,3.6,0.38,4090000,162782,Traded Equities,2800000,2
72,ID1388,Dealer,IFR103,GRP505,RM2030,4/24/2015,7/17/2015,7/16/2016,PRD019,7/17/2015,12,7/17/2016,3.68,0.28,6300000,249480,Mortgage over a lease,20600000,4
73,ID1367,Dealer,IFR108,GRP515,RM2028,4/26/2015,8/1/2015,7/31/2016,PRD009,8/1/2015,36,8/3/2018,3.51,0.41,2210000,86632,Term Deposit at the bank.,23000000,1
74,ID1181,Dealer,IFR181,GRP505,RM2004,4/27/2015,8/29/2015,8/28/2016,PRD016,8/29/2015,48,9/1/2019,3.37,0.24,4700000,169670,Bill of Sale over a Motor Vehicle,3400000,6
75,ID1322,Dealer,IFR111,GRP502,RM2037,4/27/2015,6/28/2015,6/27/2016,PRD004,6/28/2015,24,6/29/2017,3.4,0.41,1240000,47244,Bill of Sale over a Motor Vehicle,9000000,2
76,ID1150,Dealer,IFR177,GRP516,RM2024,5/1/2015,5/20/2015,5/19/2016,PRD008,5/20/2015,24,5/21/2017,1.87,0.45,4780000,110896,Mortgage over Real Property (Industrial),20300000,1
77,ID1346,Dealer,IFR107,GRP502,RM2005,5/1/2015,8/16/2015,8/15/2016,PRD009,8/16/2015,48,8/19/2019,2.72,0.32,3360000,102144,Limited Cross Guarantee and Indemnity (supported),4200000,5
78,ID1398,Commercial,IFR136,GRP502,RM2015,5/2/2015,9/5/2015,9/4/2016,PRD005,9/5/2015,48,9/8/2019,1.79,0.47,1460000,32996,Collateral Type Desc,12600000,4
79,ID1038,Corporate,IFR118,GRP514,RM2013,5/9/2015,8/25/2015,8/24/2016,PRD007,8/25/2015,12,8/25/2016,3.69,0.19,5960000,231248,Mortgage over a lease,7100000,5
80,ID1248,Property Development,IFR172,GRP515,RM2019,5/9/2015,5/24/2015,5/23/2016,PRD003,5/24/2015,12,5/24/2016,1.83,0.35,2600000,56680,General Mortgage/Lien,14100000,2
81,ID1048,Commercial,IFR110,GRP505,RM2001,5/10/2015,8/19/2015,8/18/2016,PRD005,8/19/2015,24,8/20/2017,1.9,0.48,5370000,127806,Term Deposit at the bank.,2200000,6
82,ID1222,Dealer,IFR187,GRP510,RM2013,5/12/2015,6/27/2015,6/26/2016,PRD013,6/27/2015,36,6/29/2018,2.2,0.31,5950000,149345,Transfer of Mortgage over Real Property,9300000,1
83,ID1365,Commercial,IFR187,GRP510,RM2029,5/14/2015,6/2/2015,6/1/2016,PRD013,6/2/2015,36,6/4/2018,3.25,0.2,5550000,191475,Mortgage over Real Property (Industrial),4500000,6
84,ID1017,Dealer,IFR105,GRP501,RM2028,5/19/2015,8/11/2015,8/10/2016,PRD005,8/11/2015,12,8/11/2016,3.4,0.1,1090000,38150,Mortgage over a lease,22600000,2
85,ID1064,Commercial,IFR195,GRP517,RM2009,5/21/2015,8/17/2015,8/16/2016,PRD013,8/17/2015,12,8/17/2016,1.75,0.49,3030000,67872,Mortgage over a lease,22500000,3
86,ID1298,Property Development,IFR138,GRP514,RM2018,5/21/2015,7/20/2015,7/19/2016,PRD004,7/20/2015,24,7/21/2017,3.68,0.13,5340000,203454,Gold Deposit,12900000,3
87,ID1089,Commercial,IFR152,GRP500,RM2020,5/27/2015,9/27/2015,9/26/2016,PRD015,9/27/2015,12,9/27/2016,1.83,0.32,2120000,45580,Fixed Company Charge,24700000,2
88,ID1434,Dealer,IFR132,GRP517,RM2006,5/29/2015,10/5/2015,10/4/2016,PRD008,10/5/2015,12,10/5/2016,2.54,0.16,3240000,87480,Traded Equities,13400000,1
89,ID1428,Dealer,IFR134,GRP501,RM2034,5/30/2015,7/17/2015,7/16/2016,PRD019,7/17/2015,24,7/18/2017,1.72,0.24,5800000,113680,Transfer of Mortgage over Real Property,9800000,4
90,ID1008,Dealer,IFR127,GRP517,RM2022,6/1/2015,8/30/2015,8/29/2016,PRD012,8/30/2015,48,9/2/2019,3.74,0.19,3030000,119079,Mortgage over Real Property (Commercial),17600000,3
91,ID1283,Commercial,IFR111,GRP502,RM2002,6/2/2015,7/6/2015,7/5/2016,PRD004,7/6/2015,12,7/6/2016,2.48,0.41,810000,23409,General Mortgage/Lien,18000000,5
92,ID1106,Dealer,IFR122,GRP511,RM2021,6/5/2015,10/13/2015,10/12/2016,PRD010,10/13/2015,6,4/13/2016,2.53,0.29,240000,6768,Mortgage over Real Property (Commercial),13000000,4
93,ID1467,Dealer,IFR167,GRP516,RM2014,6/5/2015,8/9/2015,8/8/2016,PRD016,8/9/2015,6,2/8/2016,3.56,0.37,6140000,241302,General Mortgage/Lien,12600000,6
94,ID1491,Property Development,IFR195,GRP517,RM2032,6/5/2015,7/5/2015,7/4/2016,PRD010,7/5/2015,60,7/8/2020,3.74,0.11,3410000,131285,Bank Guarantee by Australian Financial Institution,23800000,2
95,ID1098,Dealer,IFR174,GRP511,RM2027,6/7/2015,7/8/2015,7/7/2016,PRD016,7/8/2015,24,7/9/2017,2.61,0.42,1530000,46359,Bill of Sale over business assets,4900000,3
96,ID1130,Dealer,IFR160,GRP514,RM2037,6/7/2015,10/5/2015,10/4/2016,PRD002,10/5/2015,12,10/5/2016,2.07,0.41,1500000,37200,Fixed and Floating Company Charge,5500000,4
97,ID1427,Dealer,IFR107,GRP502,RM2038,6/7/2015,7/6/2015,7/5/2016,PRD016,7/6/2015,6,1/5/2016,2.12,0.43,3960000,100980,Bill of Sale over a Post Office licence,11400000,4
98,ID1129,Dealer,IFR165,GRP514,RM2005,6/9/2015,9/6/2015,9/5/2016,PRD016,9/6/2015,48,9/9/2019,2.8,0.26,5910000,180846,Mortgage over a lease,6300000,3
99,ID1174,Corporate,IFR130,GRP516,RM2032,6/11/2015,9/10/2015,9/9/2016,PRD019,9/10/2015,12,9/10/2016,1.87,0.29,800000,17280,Gold Deposit,8400000,2
100,ID1171,Dealer,IFR157,GRP515,RM2008,6/12/2015,8/15/2015,8/14/2016,PRD018,8/15/2015,24,8/16/2017,3.12,0.36,3870000,134676,Bill of Sale over specific business assets,4800000,4
101,ID1490,Dealer,IFR179,GRP500,RM2030,6/13/2015,10/3/2015,10/2/2016,PRD005,10/3/2015,24,10/4/2017,3.61,0.41,6670000,268134,Limited Guarantee and Indemnity (unsupported),5600000,1
102,ID1004,Commercial,IFR139,GRP500,RM2016,6/14/2015,9/14/2015,9/13/2016,PRD016,9/14/2015,24,9/15/2017,1.86,0.39,3360000,75600,Limited Guarantee and Indemnity (unsupported),23700000,6
103,ID1296,Dealer,IFR165,GRP514,RM2029,6/17/2015,7/4/2015,7/3/2016,PRD002,7/4/2015,12,7/4/2016,3.01,0.39,6440000,218960,Transfer of Mortgage over a Lease,11100000,3
104,ID1327,Dealer,IFR182,GRP518,RM2038,6/17/2015,8/31/2015,8/30/2016,PRD009,8/31/2015,24,9/1/2017,1.77,0.24,2030000,40803,Bill of Sale over specific business assets,14300000,2
105,ID1468,Dealer,IFR101,GRP504,RM2019,6/17/2015,7/16/2015,7/15/2016,PRD008,7/16/2015,12,7/16/2016,1.72,0.44,3850000,83160,Fixed and Floating Charge (Cashflow lending),13300000,5
106,ID1419,Property Development,IFR134,GRP501,RM2014,6/19/2015,7/28/2015,7/27/2016,PRD006,7/28/2015,12,7/28/2016,2.99,0.19,6940000,220692,Fixed Company Charge,12300000,6
107,ID1315,Commercial,IFR192,GRP502,RM2032,6/21/2015,8/25/2015,8/24/2016,PRD005,8/25/2015,6,2/24/2016,3.27,0.35,2080000,75296,Crop Lien,21700000,2
108,ID1331,Dealer,IFR127,GRP517,RM2030,6/21/2015,7/20/2015,7/19/2016,PRD008,7/20/2015,24,7/21/2017,1.7,0.25,4040000,78780,Commercial Property,18400000,5
109,ID1205,Dealer,IFR166,GRP500,RM2013,6/24/2015,7/30/2015,7/29/2016,PRD005,7/30/2015,48,8/2/2019,3.23,0.12,1160000,38860,Limited Guarantee and Indemnity (supported),14900000,3
110,ID1339,Dealer,IFR196,GRP500,RM2020,6/27/2015,10/12/2015,10/11/2016,PRD010,10/12/2015,24,10/13/2017,2.75,0.4,3450000,108675,Bill of Sale over specific business assets,13500000,3
111,ID1459,Commercial,IFR134,GRP501,RM2033,6/27/2015,11/3/2015,11/2/2016,PRD002,11/3/2015,12,11/3/2016,2.56,0.3,1430000,40898,Stock Mortgage,18800000,6
112,ID1133,Dealer,IFR167,GRP516,RM2015,6/28/2015,9/13/2015,9/12/2016,PRD003,9/13/2015,24,9/14/2017,2.24,0.4,1230000,32472,Fixed Company Charge,15900000,5
113,ID1154,Commercial,IFR123,GRP520,RM2020,6/28/2015,10/24/2015,10/23/2016,PRD013,10/24/2015,12,10/24/2016,2.6,0.34,4390000,129066,Mortgage over life insurance,14900000,4
114,ID1310,Dealer,IFR102,GRP512,RM2001,6/30/2015,10/7/2015,10/6/2016,PRD013,10/7/2015,24,10/8/2017,3.39,0.37,5610000,210936,Fixed and Floating Charge (Cashflow lending),3100000,3
115,ID1140,Dealer,IFR193,GRP516,RM2030,7/2/2015,9/9/2015,9/8/2016,PRD011,9/9/2015,24,9/10/2017,1.93,0.15,730000,15184,Ships Mortgage,20700000,5
116,ID1113,Dealer,IFR162,GRP514,RM2017,7/4/2015,7/22/2015,7/21/2016,PRD005,7/22/2015,6,1/21/2016,2.65,0.4,4980000,151890,Transfer of Mortgage over Real Property,23000000,4
117,ID1347,Dealer,IFR199,GRP514,RM2000,7/4/2015,8/6/2015,8/5/2016,PRD011,8/6/2015,6,2/5/2016,1.51,0.36,5620000,105094,Bill of Sale over business assets,20900000,6
118,ID1149,Corporate,IFR120,GRP500,RM2001,7/5/2015,8/6/2015,8/5/2016,PRD007,8/6/2015,24,8/7/2017,1.84,0.46,5340000,122820,Tripartite Deed/Agreement,20400000,5
119,ID1213,Dealer,IFR102,GRP512,RM2008,7/5/2015,9/29/2015,9/28/2016,PRD008,9/29/2015,6,3/30/2016,2.39,0.36,1170000,32175,Limited Cross Guarantee and Indemnity (supported),9900000,6
120,ID1373,Dealer,IFR162,GRP514,RM2027,7/6/2015,8/7/2015,8/6/2016,PRD008,8/7/2015,12,8/7/2016,1.89,0.39,1420000,32376,Collateral Type Desc,16000000,3
121,ID1481,Commercial,IFR160,GRP514,RM2009,7/6/2015,11/1/2015,10/31/2016,PRD003,11/1/2015,6,5/2/2016,3.24,0.12,3780000,127008,Tripartite Deed/Agreement,19500000,3
122,ID1073,Property Development,IFR185,GRP520,RM2019,7/11/2015,11/13/2015,11/12/2016,PRD008,11/13/2015,36,11/15/2018,2.01,0.26,2920000,66284,Mortgage over Real Property (Commercial),9800000,3
123,ID1120,Commercial,IFR162,GRP514,RM2028,7/11/2015,8/20/2015,8/19/2016,PRD001,8/20/2015,12,8/20/2016,2.96,0.4,900000,30240,Transfer of Mortgage over Real Property,16100000,4
124,ID1253,Property Development,IFR138,GRP514,RM2025,7/12/2015,9/15/2015,9/14/2016,PRD020,9/15/2015,60,9/18/2020,3.03,0.3,2240000,74592,Limited Guarantee and Indemnity (supported),10400000,1
125,ID1424,Commercial,IFR139,GRP500,RM2016,7/14/2015,9/19/2015,9/18/2016,PRD004,9/19/2015,60,9/22/2020,3.25,0.2,2140000,73830,Mortgage over a lease,10000000,4
126,ID1465,Property Development,IFR190,GRP502,RM2007,7/14/2015,10/15/2015,10/14/2016,PRD005,10/15/2015,48,10/18/2019,1.89,0.23,2070000,43884,Limited Cross Guarantee and Indemnity (supported),22000000,2
127,ID1267,Property Development,IFR117,GRP501,RM2003,7/16/2015,10/23/2015,10/22/2016,PRD009,10/23/2015,12,10/23/2016,2.01,0.45,800000,19680,Crop Lien,11700000,2
128,ID1165,Dealer,IFR128,GRP514,RM2035,7/18/2015,10/29/2015,10/28/2016,PRD007,10/29/2015,24,10/30/2017,1.85,0.23,3740000,77792,Limited Cross Guarantee and Indemnity (supported),11300000,1
129,ID1208,Dealer,IFR189,GRP500,RM2036,7/18/2015,9/1/2015,8/31/2016,PRD009,9/1/2015,6,3/2/2016,3.31,0.49,2880000,109440,Gold Deposit,5600000,5
130,ID1377,Dealer,IFR141,GRP514,RM2038,7/20/2015,11/26/2015,11/25/2016,PRD019,11/26/2015,12,11/26/2016,2.97,0.28,2660000,86450,Mortgage over Real Property (Commercial),11000000,4
131,ID1247,Dealer,IFR155,GRP514,RM2010,7/22/2015,9/23/2015,9/22/2016,PRD010,9/23/2015,24,9/24/2017,3.09,0.37,6840000,236664,Cash and Cash E,7300000,1
132,ID1122,Dealer,IFR104,GRP502,RM2002,7/23/2015,10/21/2015,10/20/2016,PRD016,10/21/2015,48,10/24/2019,2.94,0.27,270000,8667,Mortgage over Real Property (Commercial),20100000,5
133,ID1240,Dealer,IFR134,GRP501,RM2004,7/23/2015,8/15/2015,8/14/2016,PRD006,8/15/2015,12,8/15/2016,2.96,0.49,5420000,186990,Mortgage over life insurance,2300000,1
134,ID1369,Commercial,IFR195,GRP517,RM2010,7/23/2015,11/20/2015,11/19/2016,PRD013,11/20/2015,24,11/21/2017,2.07,0.35,520000,12584,Gold Deposit,9100000,6
135,ID1420,Commercial,IFR183,GRP514,RM2030,7/23/2015,8/20/2015,8/19/2016,PRD009,8/20/2015,6,2/19/2016,3.72,0.36,3790000,154632,Unregistered Mortgage over an unregistered lease,14500000,6
136,ID1039,Dealer,IFR162,GRP514,RM2012,7/26/2015,11/4/2015,11/3/2016,PRD018,11/4/2015,48,11/7/2019,2.17,0.27,5480000,133712,Mortgage over Real Property (Residential),9400000,5
137,ID1279,Commercial,IFR103,GRP505,RM2012,7/26/2015,11/28/2015,11/27/2016,PRD004,11/28/2015,24,11/29/2017,2.8,0.36,3340000,105544,Collateral Type Desc,17600000,3
138,ID1077,Commercial,IFR186,GRP502,RM2024,7/28/2015,9/16/2015,9/15/2016,PRD015,9/16/2015,60,9/19/2020,1.9,0.43,1910000,44503,Residential Property,17800000,5
139,ID1042,Dealer,IFR116,GRP517,RM2023,7/30/2015,9/25/2015,9/24/2016,PRD019,9/25/2015,36,9/27/2018,3,0.45,4170000,143865,General Mortgage/Lien,17800000,4
140,ID1437,Dealer,IFR155,GRP514,RM2039,7/31/2015,8/27/2015,8/26/2016,PRD006,8/27/2015,24,8/28/2017,1.91,0.48,5660000,135274,Ships Mortgage,5700000,4
141,ID1143,Dealer,IFR154,GRP514,RM2020,8/2/2015,9/8/2015,9/7/2016,PRD003,9/8/2015,12,9/8/2016,1.93,0.39,2130000,49416,Mortgage over Real Property (Residential),6400000,3
142,ID1201,Dealer,IFR106,GRP507,RM2004,8/4/2015,12/8/2015,12/7/2016,PRD012,12/8/2015,48,12/11/2019,2.25,0.18,6040000,146772,Mortgage over life insurance,15900000,5
143,ID1500,Corporate,IFR169,GRP517,RM2022,8/6/2015,11/4/2015,11/3/2016,PRD017,11/4/2015,6,5/5/2016,3.64,0.39,530000,21359,Commercial Property,2200000,6
144,ID1191,Dealer,IFR196,GRP500,RM2016,8/9/2015,11/27/2015,11/26/2016,PRD010,11/27/2015,24,11/28/2017,2.87,0.4,3340000,109218,Fixed Company Charge,3700000,3
145,ID1295,Commercial,IFR183,GRP514,RM2017,8/10/2015,12/10/2015,12/9/2016,PRD019,12/10/2015,60,12/13/2020,1.64,0.21,3310000,61235,Transfer of Mortgage over a Lease,5200000,1
146,ID1049,Commercial,IFR195,GRP517,RM2037,8/11/2015,12/3/2015,12/2/2016,PRD001,12/3/2015,6,6/3/2016,1.69,0.43,2710000,57452,Fixed Company Charge,23500000,1
147,ID1044,Dealer,IFR122,GRP511,RM2002,8/16/2015,9/23/2015,9/22/2016,PRD004,9/23/2015,36,9/25/2018,3.6,0.31,5920000,231472,Fixed Company Charge,21800000,3
148,ID1439,Property Development,IFR184,GRP517,RM2003,8/16/2015,12/18/2015,12/17/2016,PRD005,12/18/2015,12,12/18/2016,3.31,0.12,1040000,35672,Mortgage over Real Property (Industrial),8400000,4
149,ID1409,Dealer,IFR142,GRP519,RM2014,8/17/2015,9/26/2015,9/25/2016,PRD020,9/26/2015,12,9/26/2016,3.52,0.23,4610000,172875,Traded Equities,14200000,2
150,ID1399,Corporate,IFR191,GRP500,RM2004,8/19/2015,10/9/2015,10/8/2016,PRD006,10/9/2015,24,10/10/2017,3.56,0.48,6050000,244420,Residential Property,11000000,6
151,ID1153,Dealer,IFR121,GRP500,RM2013,8/20/2015,9/25/2015,9/24/2016,PRD006,9/25/2015,12,9/25/2016,2.01,0.35,1470000,34692,Gold Deposit,2800000,4
152,ID1199,Property Development,IFR138,GRP514,RM2025,8/21/2015,9/21/2015,9/20/2016,PRD007,9/21/2015,24,9/22/2017,2.04,0.4,3950000,96380,Bank Guarantee by Australian Financial Institution,7400000,6
153,ID1237,Dealer,IFR159,GRP502,RM2037,8/22/2015,11/18/2015,11/17/2016,PRD007,11/18/2015,6,5/19/2016,2.33,0.45,3320000,92296,Crop Lien,9100000,4
154,ID1453,Dealer,IFR174,GRP511,RM2038,8/23/2015,10/20/2015,10/19/2016,PRD017,10/20/2015,12,10/20/2016,1.96,0.23,1790000,39201,Unregistered Mortgage over an unregistered lease,13900000,1
155,ID1055,Dealer,IFR113,GRP516,RM2019,8/24/2015,11/19/2015,11/18/2016,PRD015,11/19/2015,24,11/20/2017,3.68,0.36,5850000,236340,Bill of Sale over business assets,19000000,2
156,ID1046,Commercial,IFR164,GRP517,RM2039,8/25/2015,9/12/2015,9/11/2016,PRD008,9/12/2015,12,9/12/2016,2.81,0.28,6350000,196215,Mortgage over Real Property (Residential),8400000,5
157,ID1066,Dealer,IFR195,GRP517,RM2033,8/25/2015,10/29/2015,10/28/2016,PRD012,10/29/2015,12,10/29/2016,1.78,0.13,3930000,75063,Gold Deposit,5800000,1
158,ID1203,Dealer,IFR171,GRP520,RM2001,8/27/2015,11/30/2015,11/29/2016,PRD002,11/30/2015,24,12/1/2017,3.59,0.12,3680000,136528,Traded Equities,23800000,5
159,ID1492,Dealer,IFR185,GRP520,RM2032,8/28/2015,9/21/2015,9/20/2016,PRD014,9/21/2015,24,9/22/2017,3.05,0.2,3730000,121225,Gold Deposit,16000000,6
160,ID1291,Commercial,IFR135,GRP502,RM2027,8/29/2015,10/29/2015,10/28/2016,PRD014,10/29/2015,12,10/29/2016,3.01,0.25,5070000,165282,Fixed and Floating Charge (Cashflow lending),13300000,4
161,ID1301,Corporate,IFR110,GRP505,RM2033,8/29/2015,10/29/2015,10/28/2016,PRD009,10/29/2015,24,10/30/2017,3.21,0.14,2210000,74035,Mortgage over life insurance,7400000,4
162,ID1057,Property Development,IFR140,GRP507,RM2000,8/31/2015,12/9/2015,12/8/2016,PRD017,12/9/2015,12,12/9/2016,2.12,0.13,1830000,41175,Limited Guarantee and Indemnity (unsupported),12400000,4
163,ID1124,Dealer,IFR128,GRP514,RM2005,8/31/2015,11/24/2015,11/23/2016,PRD009,11/24/2015,24,11/25/2017,2.25,0.2,1330000,32585,Tripartite Deed/Agreement,9100000,1
164,ID1128,Property Development,IFR166,GRP500,RM2001,8/31/2015,12/21/2015,12/20/2016,PRD009,12/21/2015,12,12/21/2016,2.3,0.5,1350000,37800,Cash and Cash E,2800000,1
165,ID1278,Dealer,IFR157,GRP515,RM2037,9/2/2015,9/22/2015,9/21/2016,PRD003,9/22/2015,24,9/23/2017,3.25,0.36,200000,7220,Cash and Cash E,18700000,3
166,ID1096,Dealer,IFR122,GRP511,RM2019,9/7/2015,10/15/2015,10/14/2016,PRD015,10/15/2015,24,10/16/2017,2.79,0.19,350000,10430,Limited Guarantee and Indemnity (supported),9400000,2
167,ID1028,Commercial,IFR118,GRP514,RM2034,9/10/2015,11/30/2015,11/29/2016,PRD014,11/30/2015,24,12/1/2017,3.03,0.31,5730000,191382,Tripartite Deed/Agreement,8100000,5
168,ID1250,Dealer,IFR195,GRP517,RM2020,9/12/2015,11/15/2015,11/14/2016,PRD007,11/15/2015,48,11/18/2019,2.58,0.49,3220000,98854,Bill of Sale over a Motor Vehicle,24000000,2
169,ID1426,Commercial,IFR198,GRP511,RM2039,9/12/2015,1/13/2016,1/12/2017,PRD018,1/13/2016,24,1/14/2018,2.07,0.33,2270000,54480,Transfer of Mortgage over Real Property,24800000,2
170,ID1328,Dealer,IFR186,GRP502,RM2002,9/14/2015,10/29/2015,10/28/2016,PRD003,10/29/2015,12,10/29/2016,3.11,0.35,5640000,195144,Transfer of Mortgage over a Lease,7600000,4
171,ID1475,Commercial,IFR107,GRP502,RM2003,9/15/2015,12/15/2015,12/14/2016,PRD011,12/15/2015,48,12/18/2019,3.18,0.27,2320000,80040,Cash and Cash E,23900000,2
172,ID1112,Commercial,IFR184,GRP517,RM2018,9/16/2015,1/20/2016,1/19/2017,PRD009,1/20/2016,48,1/23/2020,2.03,0.38,2190000,52779,Limited Guarantee and Indemnity (unsupported),14900000,6
173,ID1079,Commercial,IFR183,GRP514,RM2027,9/17/2015,10/2/2015,10/1/2016,PRD007,10/2/2015,24,10/3/2017,2.98,0.21,2340000,74646,Bill of Sale over business assets,7600000,3
174,ID1204,Commercial,IFR130,GRP516,RM2025,9/20/2015,10/8/2015,10/7/2016,PRD019,10/8/2015,12,10/8/2016,2.49,0.13,1690000,44278,Transfer of Mortgage over Real Property,12700000,6
175,ID1005,Commercial,IFR133,GRP516,RM2035,9/21/2015,10/13/2015,10/12/2016,PRD018,10/13/2015,12,10/13/2016,1.92,0.29,510000,11271,Bill of Sale over a Post Office licence,19100000,3
176,ID1007,Commercial,IFR122,GRP511,RM2027,9/21/2015,11/26/2015,11/25/2016,PRD020,11/26/2015,12,11/26/2016,1.65,0.17,680000,12376,Limited Guarantee and Indemnity (supported),17400000,4
177,ID1445,Corporate,IFR123,GRP520,RM2004,9/21/2015,10/30/2015,10/29/2016,PRD008,10/30/2015,36,11/1/2018,2.28,0.45,5050000,137865,Bill of Sale over business assets,19800000,3
178,ID1032,Property Development,IFR107,GRP502,RM2022,9/23/2015,1/13/2016,1/12/2017,PRD019,1/13/2016,24,1/14/2018,2.49,0.19,630000,16884,Fixed and Floating Company Charge,24300000,1
179,ID1300,Dealer,IFR131,GRP505,RM2008,9/26/2015,10/20/2015,10/19/2016,PRD010,10/20/2015,12,10/20/2016,2.72,0.48,350000,11200,Mortgage over Real Property (Residential),4500000,4
180,ID1126,Dealer,IFR169,GRP517,RM2005,9/27/2015,12/29/2015,12/28/2016,PRD020,12/29/2015,6,6/29/2016,1.77,0.16,6770000,130661,Mortgage over Real Property (Commercial),7300000,6
181,ID1361,Dealer,IFR124,GRP514,RM2016,9/27/2015,1/31/2016,1/30/2017,PRD003,1/31/2016,12,1/31/2017,3.07,0.32,2730000,92547,Bill of Sale over a Post Office licence,6800000,3
182,ID1202,Commercial,IFR156,GRP505,RM2015,9/28/2015,11/23/2015,11/22/2016,PRD005,11/23/2015,12,11/23/2016,2.52,0.23,4430000,121825,Ships Mortgage,3400000,4
183,ID1256,Dealer,IFR182,GRP518,RM2005,9/28/2015,12/24/2015,12/23/2016,PRD002,12/24/2015,12,12/24/2016,2.25,0.5,5420000,149050,Tripartite Deed/Agreement,10100000,4
184,ID1349,Dealer,IFR159,GRP502,RM2034,9/28/2015,11/30/2015,11/29/2016,PRD018,11/30/2015,24,12/1/2017,3.34,0.38,2550000,94860,Traded Equities,6600000,5
185,ID1363,Commercial,IFR194,GRP511,RM2032,9/28/2015,12/20/2015,12/19/2016,PRD017,12/20/2015,36,12/22/2018,2.04,0.26,4620000,106260,Gold Deposit,20500000,1
186,ID1185,Dealer,IFR110,GRP505,RM2000,9/30/2015,12/18/2015,12/17/2016,PRD005,12/18/2015,48,12/21/2019,2.05,0.5,2670000,68085,Transfer of Mortgage over a Lease,21800000,1
187,ID1127,Commercial,IFR116,GRP517,RM2014,10/2/2015,1/17/2016,1/16/2017,PRD009,1/17/2016,48,1/20/2020,3.32,0.45,2800000,105560,Limited Cross Guarantee and Indemnity (supported),16700000,2
188,ID1189,Commercial,IFR175,GRP500,RM2036,10/5/2015,12/2/2015,12/1/2016,PRD012,12/2/2015,6,6/2/2016,2.62,0.21,1920000,54336,Stock Mortgage,15300000,1
189,ID1090,Commercial,IFR132,GRP517,RM2028,10/6/2015,12/15/2015,12/14/2016,PRD002,12/15/2015,12,12/15/2016,3.51,0.35,3810000,147066,Commercial Property,24200000,2
190,ID1085,Commercial,IFR117,GRP501,RM2015,10/7/2015,12/29/2015,12/28/2016,PRD009,12/29/2015,36,12/31/2018,3.34,0.42,460000,17296,Fixed and Floating Charge (Cashflow lending),19000000,1
191,ID1487,Commercial,IFR131,GRP505,RM2020,10/7/2015,1/13/2016,1/12/2017,PRD005,1/13/2016,12,1/13/2017,2.12,0.27,6680000,159652,General Mortgage/Lien,2800000,6
192,ID1021,Dealer,IFR168,GRP509,RM2039,10/10/2015,1/11/2016,1/10/2017,PRD009,1/11/2016,60,1/14/2021,1.8,0.14,5390000,104566,Mortgage over Real Property (Commercial),22800000,1
193,ID1261,Property Development,IFR191,GRP500,RM2027,10/10/2015,12/6/2015,12/5/2016,PRD016,12/6/2015,12,12/6/2016,3.41,0.28,5190000,191511,Mortgage over Real Property (Residential),4900000,5
194,ID1474,Commercial,IFR106,GRP507,RM2002,10/11/2015,1/5/2016,1/4/2017,PRD015,1/5/2016,12,1/5/2017,2.92,0.5,340000,11628,Residential Property,22900000,5
195,ID1282,Commercial,IFR135,GRP502,RM2019,10/12/2015,12/1/2015,11/30/2016,PRD001,12/1/2015,24,12/2/2017,2.77,0.22,5880000,175812,Unregistered Mortgage over an unregistered lease,22200000,4
196,ID1403,Property Development,IFR155,GRP514,RM2006,10/12/2015,1/20/2016,1/19/2017,PRD002,1/20/2016,60,1/23/2021,2.92,0.41,3770000,125541,Bill of Sale over business assets,4800000,3
197,ID1147,Commercial,IFR188,GRP515,RM2040,10/15/2015,11/10/2015,11/9/2016,PRD003,11/10/2015,12,11/10/2016,1.75,0.19,4440000,86136,Unregistered Mortgage over an unregistered lease,12500000,6
198,ID1163,Dealer,IFR173,GRP500,RM2010,10/20/2015,2/16/2016,2/15/2017,PRD008,2/16/2016,12,2/16/2017,3.26,0.17,6210000,213003,Transfer of Mortgage over a Lease,17100000,4
199,ID1167,Dealer,IFR138,GRP514,RM2023,10/21/2015,1/4/2016,1/3/2017,PRD002,1/4/2016,12,1/4/2017,2.01,0.35,5240000,123664,Term Deposit at the bank.,2200000,6
200,ID1252,Commercial,IFR108,GRP515,RM2000,10/21/2015,2/24/2016,2/23/2017,PRD013,2/24/2016,24,2/25/2018,3.5,0.19,6190000,228411,Ships Mortgage,11500000,1
201,ID1314,Property Development,IFR138,GRP514,RM2028,10/22/2015,2/20/2016,2/19/2017,PRD012,2/20/2016,24,2/21/2018,2.98,0.26,7000000,226800,Mortgage over Real Property (Commercial),23000000,1
202,ID1441,Dealer,IFR192,GRP502,RM2003,10/22/2015,2/20/2016,2/19/2017,PRD016,2/20/2016,6,8/21/2016,2.64,0.24,5070000,146016,Bill of Sale over a Motor Vehicle,9900000,6
203,ID1141,Dealer,IFR169,GRP517,RM2001,10/23/2015,2/16/2016,2/15/2017,PRD010,2/16/2016,12,2/16/2017,2,0.12,3160000,66992,Bill of Sale over a Post Office licence,18400000,3
204,ID1281,Dealer,IFR183,GRP514,RM2037,10/25/2015,1/6/2016,1/5/2017,PRD018,1/6/2016,12,1/6/2017,1.7,0.29,4630000,92137,Bill of Sale over business assets,11700000,6
205,ID1286,Dealer,IFR199,GRP514,RM2017,10/25/2015,2/20/2016,2/19/2017,PRD006,2/20/2016,6,8/21/2016,2.86,0.15,3380000,101738,Tripartite Deed/Agreement,7000000,5
206,ID1355,Dealer,IFR130,GRP516,RM2040,10/28/2015,1/25/2016,1/24/2017,PRD004,1/25/2016,12,1/25/2017,1.56,0.24,3060000,55080,Tripartite Deed/Agreement,21100000,3
207,ID1479,Dealer,IFR158,GRP500,RM2025,10/29/2015,2/10/2016,2/9/2017,PRD020,2/10/2016,12,2/10/2017,2.1,0.43,5720000,144716,Tripartite Deed/Agreement,6900000,3
208,ID1216,Property Development,IFR138,GRP514,RM2024,10/30/2015,1/8/2016,1/7/2017,PRD004,1/8/2016,24,1/9/2018,3.52,0.26,4430000,167454,Cash and Cash E,20800000,3
209,ID1110,Corporate,IFR123,GRP520,RM2009,11/1/2015,1/15/2016,1/14/2017,PRD005,1/15/2016,6,7/16/2016,1.92,0.17,5960000,124564,Bill of Sale over a Motor Vehicle,15200000,4
210,ID1033,Dealer,IFR160,GRP514,RM2039,11/2/2015,1/4/2016,1/3/2017,PRD011,1/4/2016,48,1/7/2020,2.48,0.49,5260000,156222,Limited Cross Guarantee and Indemnity (supported),12100000,3
211,ID1234,Dealer,IFR108,GRP515,RM2009,11/2/2015,12/16/2015,12/15/2016,PRD008,12/16/2015,12,12/16/2016,3.43,0.23,2530000,92598,Gold Deposit,16300000,4
212,ID1078,Dealer,IFR139,GRP500,RM2002,11/5/2015,12/28/2015,12/27/2016,PRD017,12/28/2015,24,12/29/2017,2.86,0.41,870000,28449,Bill of Sale over specific business assets,8100000,6
213,ID1241,Dealer,IFR186,GRP502,RM2040,11/5/2015,12/28/2015,12/27/2016,PRD006,12/28/2015,24,12/29/2017,2.57,0.19,1340000,36984,Bank Guarantee by Australian Financial Institution,20700000,5
214,ID1362,Dealer,IFR126,GRP514,RM2025,11/5/2015,1/21/2016,1/20/2017,PRD006,1/21/2016,6,7/22/2016,3.04,0.27,2390000,79109,Cash and Cash E,21500000,5
215,ID1299,Commercial,IFR132,GRP517,RM2005,11/6/2015,12/25/2015,12/24/2016,PRD008,12/25/2015,12,12/25/2016,2.93,0.34,3690000,120663,Unregistered Mortgage over an unregistered lease,22400000,4
216,ID1095,Dealer,IFR110,GRP505,RM2004,11/8/2015,12/15/2015,12/14/2016,PRD020,12/15/2015,48,12/18/2019,3.05,0.14,3690000,117711,Bill of Sale over business assets,18500000,1
217,ID1343,Commercial,IFR185,GRP520,RM2037,11/8/2015,1/3/2016,1/2/2017,PRD008,1/3/2016,48,1/6/2020,2,0.49,4040000,100596,Mortgage over Real Property (Industrial),21000000,4
218,ID1384,Commercial,IFR127,GRP517,RM2036,11/9/2015,3/6/2016,3/6/2017,PRD004,3/6/2016,6,9/5/2016,3.65,0.49,3420000,141588,Mortgage over Real Property (Residential),18600000,4
219,ID1131,Dealer,IFR169,GRP517,RM2040,11/10/2015,2/23/2016,2/22/2017,PRD012,2/23/2016,12,2/23/2017,2.4,0.1,5370000,134250,Limited Cross Guarantee and Indemnity (supported),17500000,4
220,ID1259,Commercial,IFR152,GRP500,RM2026,11/10/2015,12/25/2015,12/24/2016,PRD013,12/25/2015,48,12/28/2019,3.37,0.14,470000,16497,Cash and Cash E,14300000,5
221,ID1455,Dealer,IFR145,GRP514,RM2012,11/10/2015,11/28/2015,11/27/2016,PRD012,11/28/2015,24,11/29/2017,2.42,0.48,1850000,53650,Ships Mortgage,19900000,6
222,ID1016,Dealer,IFR138,GRP514,RM2018,11/11/2015,3/20/2016,3/20/2017,PRD017,3/20/2016,12,3/21/2017,2.52,0.22,2260000,61924,Mortgage over Real Property (Commercial),14500000,1
223,ID1493,Dealer,IFR119,GRP511,RM2017,11/11/2015,3/12/2016,3/12/2017,PRD008,3/12/2016,36,3/15/2019,3.05,0.19,5020000,162648,General Mortgage/Lien,17800000,5
224,ID1030,Dealer,IFR198,GRP511,RM2022,11/12/2015,3/12/2016,3/12/2017,PRD015,3/12/2016,12,3/13/2017,2.15,0.43,2920000,75336,Ships Mortgage,18300000,5
225,ID1229,Dealer,IFR175,GRP500,RM2034,11/16/2015,1/29/2016,1/28/2017,PRD020,1/29/2016,24,1/30/2018,2.64,0.41,1220000,37210,Mortgage over Real Property (Residential),13700000,4
226,ID1169,Dealer,IFR105,GRP501,RM2032,11/17/2015,1/20/2016,1/19/2017,PRD006,1/20/2016,24,1/21/2018,2.57,0.37,3470000,102018,Ships Mortgage,20900000,2
227,ID1366,Property Development,IFR183,GRP514,RM2036,11/18/2015,1/23/2016,1/22/2017,PRD020,1/23/2016,60,1/26/2021,3.38,0.23,1130000,40793,Cash and Cash E,10200000,1
228,ID1454,Dealer,IFR173,GRP500,RM2028,11/19/2015,1/8/2016,1/7/2017,PRD011,1/8/2016,48,1/11/2020,3.04,0.49,2840000,100252,Limited Cross Guarantee and Indemnity (supported),13700000,6
229,ID1496,Dealer,IFR151,GRP517,RM2027,11/19/2015,12/5/2015,12/4/2016,PRD015,12/5/2015,48,12/8/2019,2.97,0.36,2210000,73593,Fixed and Floating Charge (Cashflow lending),9400000,2
230,ID1035,Dealer,IFR150,GRP514,RM2003,11/20/2015,2/27/2016,2/26/2017,PRD009,2/27/2016,6,8/28/2016,3.72,0.37,3530000,144377,Mortgage over life insurance,24000000,5
231,ID1245,Commercial,IFR100,GRP500,RM2020,11/21/2015,3/10/2016,3/10/2017,PRD017,3/10/2016,24,3/12/2018,3.18,0.17,6080000,203680,Transfer of Mortgage over Real Property,20500000,5
232,ID1094,Dealer,IFR111,GRP502,RM2005,11/22/2015,12/11/2015,12/10/2016,PRD003,12/11/2015,6,6/11/2016,2.4,0.35,4010000,110275,Commercial Property,20700000,2
233,ID1358,Dealer,IFR132,GRP517,RM2019,11/26/2015,2/10/2016,2/9/2017,PRD012,2/10/2016,12,2/10/2017,2.7,0.49,3910000,124729,Stock Mortgage,14300000,2
234,ID1407,Dealer,IFR154,GRP514,RM2035,11/28/2015,2/21/2016,2/20/2017,PRD013,2/21/2016,12,2/21/2017,3.28,0.12,3890000,132260,Bill of Sale over business assets,2500000,4
235,ID1190,Corporate,IFR154,GRP514,RM2008,12/1/2015,1/15/2016,1/14/2017,PRD005,1/15/2016,24,1/16/2018,2.16,0.22,4100000,97580,Stock Mortgage,12400000,6
236,ID1052,Commercial,IFR140,GRP507,RM2014,12/2/2015,1/29/2016,1/28/2017,PRD020,1/29/2016,48,2/1/2020,2.51,0.16,580000,15486,Bank Guarantee by Australian Financial Institution,6800000,3
237,ID1180,Dealer,IFR173,GRP500,RM2008,12/5/2015,3/3/2016,3/3/2017,PRD001,3/3/2016,12,3/4/2017,3.52,0.42,4630000,182422,Tripartite Deed/Agreement,10300000,1
238,ID1102,Dealer,IFR183,GRP514,RM2003,12/6/2015,2/7/2016,2/6/2017,PRD015,2/7/2016,6,8/8/2016,1.5,0.46,1160000,22736,Tripartite Deed/Agreement,21000000,3
239,ID1244,Dealer,IFR107,GRP502,RM2017,12/6/2015,2/4/2016,2/3/2017,PRD001,2/4/2016,12,2/4/2017,3.14,0.44,4750000,170050,Unregistered Mortgage over an unregistered lease,19400000,4
240,ID1436,Dealer,IFR174,GRP511,RM2013,12/8/2015,1/3/2016,1/2/2017,PRD001,1/3/2016,48,1/6/2020,2.98,0.46,4340000,149296,Bill of Sale over a Motor Vehicle,7700000,2
241,ID1111,Corporate,IFR149,GRP517,RM2034,12/9/2015,2/1/2016,1/31/2017,PRD012,2/1/2016,24,2/2/2018,2.77,0.38,3870000,121905,Ships Mortgage,22100000,6
242,ID1318,Dealer,IFR184,GRP517,RM2018,12/9/2015,2/26/2016,2/25/2017,PRD012,2/26/2016,24,2/27/2018,2.5,0.12,6250000,163750,Transfer of Mortgage over a Lease,9200000,6
243,ID1378,Dealer,IFR145,GRP514,RM2035,12/10/2015,2/18/2016,2/17/2017,PRD003,2/18/2016,48,2/21/2020,1.5,0.5,5450000,109000,Gold Deposit,12500000,2
244,ID1083,Dealer,IFR192,GRP502,RM2033,12/11/2015,3/20/2016,3/20/2017,PRD002,3/20/2016,48,3/23/2020,2.38,0.14,2000000,50400,Bank Guarantee by Australian Financial Institution,6900000,3
245,ID1312,Commercial,IFR122,GRP511,RM2007,12/12/2015,4/10/2016,4/10/2017,PRD012,4/10/2016,48,4/13/2020,1.71,0.4,2560000,54016,Stock Mortgage,15300000,3
246,ID1400,Dealer,IFR113,GRP516,RM2016,12/13/2015,1/19/2016,1/18/2017,PRD020,1/19/2016,12,1/19/2017,3,0.34,2250000,75150,Traded Equities,12100000,1
247,ID1107,Dealer,IFR194,GRP511,RM2018,12/14/2015,2/6/2016,2/5/2017,PRD008,2/6/2016,6,8/7/2016,3.54,0.11,1560000,56940,Crop Lien,19800000,3
248,ID1242,Dealer,IFR120,GRP500,RM2010,12/15/2015,3/15/2016,3/15/2017,PRD003,3/15/2016,60,3/19/2021,2.1,0.12,5940000,131868,Fixed Company Charge,15000000,6
249,ID1485,Dealer,IFR164,GRP517,RM2000,12/15/2015,3/15/2016,3/15/2017,PRD005,3/15/2016,12,3/16/2017,1.76,0.26,4390000,88678,Stock Mortgage,21000000,6
250,ID1395,Dealer,IFR124,GRP514,RM2009,12/18/2015,1/16/2016,1/15/2017,PRD004,1/16/2016,48,1/19/2020,3.2,0.44,1390000,50596,Bill of Sale over business assets,3500000,4
251,ID1330,Dealer,IFR123,GRP520,RM2037,12/23/2015,3/28/2016,3/28/2017,PRD019,3/28/2016,24,3/30/2018,2.02,0.27,3620000,82898,Limited Guarantee and Indemnity (supported),21100000,4
252,ID1022,Commercial,IFR150,GRP514,RM2007,12/26/2015,2/5/2016,2/4/2017,PRD017,2/5/2016,6,8/6/2016,3.01,0.1,1360000,42296,Residential Property,5000000,3
253,ID1051,Dealer,IFR150,GRP514,RM2001,1/1/2016,4/20/2016,4/20/2017,PRD011,4/20/2016,12,4/21/2017,2.55,0.29,5720000,162448,Fixed and Floating Charge (Cashflow lending),18600000,1
254,ID1218,Dealer,IFR116,GRP517,RM2028,1/1/2016,4/12/2016,4/12/2017,PRD018,4/12/2016,48,4/15/2020,2.92,0.13,2230000,68015,Unregistered Mortgage over an unregistered lease,4700000,4
255,ID1478,Commercial,IFR132,GRP517,RM2030,1/1/2016,4/11/2016,4/11/2017,PRD014,4/11/2016,24,4/13/2018,3.4,0.3,2100000,77700,Traded Equities,13700000,1
256,ID1018,Dealer,IFR175,GRP500,RM2038,1/3/2016,4/18/2016,4/18/2017,PRD014,4/18/2016,24,4/20/2018,3.35,0.21,1650000,58740,Cash and Cash E,8700000,5
257,ID1219,Dealer,IFR166,GRP500,RM2022,1/5/2016,2/29/2016,2/28/2017,PRD006,2/29/2016,12,3/1/2017,3.16,0.46,820000,29684,Commercial Property,6500000,1
258,ID1231,Commercial,IFR152,GRP500,RM2007,1/6/2016,2/7/2016,2/6/2017,PRD016,2/7/2016,24,2/8/2018,2.13,0.36,3630000,90387,Term Deposit at the bank.,11000000,1
259,ID1381,Commercial,IFR188,GRP515,RM2019,1/6/2016,3/31/2016,3/31/2017,PRD013,3/31/2016,24,4/2/2018,3.42,0.32,5520000,206448,Collateral Type Desc,6900000,6
260,ID1405,Dealer,IFR173,GRP500,RM2010,1/8/2016,5/5/2016,5/5/2017,PRD019,5/5/2016,60,5/9/2021,1.64,0.3,6380000,123772,Traded Equities,9500000,3
261,ID1187,Dealer,IFR121,GRP500,RM2037,1/10/2016,5/18/2016,5/18/2017,PRD012,5/18/2016,36,5/21/2019,1.66,0.33,3380000,67262,Limited Guarantee and Indemnity (unsupported),3000000,4
262,ID1037,Commercial,IFR141,GRP514,RM2003,1/11/2016,4/8/2016,4/8/2017,PRD004,4/8/2016,6,10/8/2016,2.31,0.36,6920000,184764,Mortgage over a lease,9300000,2
263,ID1249,Dealer,IFR125,GRP514,RM2006,1/11/2016,3/30/2016,3/30/2017,PRD009,3/30/2016,6,9/29/2016,2.11,0.1,6600000,145860,Bill of Sale over business assets,11100000,6
264,ID1469,Property Development,IFR122,GRP511,RM2039,1/11/2016,3/18/2016,3/18/2017,PRD002,3/18/2016,12,3/19/2017,2.48,0.29,3750000,103875,Stock Mortgage,8300000,6
265,ID1075,Dealer,IFR165,GRP514,RM2028,1/13/2016,4/19/2016,4/19/2017,PRD006,4/19/2016,12,4/20/2017,3.73,0.31,350000,14140,Bill of Sale over a Post Office licence,12000000,2
266,ID1251,Commercial,IFR166,GRP500,RM2039,1/16/2016,5/18/2016,5/18/2017,PRD020,5/18/2016,12,5/19/2017,2.19,0.46,5880000,155820,Cash and Cash E,12300000,4
267,ID1272,Commercial,IFR199,GRP514,RM2006,1/19/2016,4/26/2016,4/26/2017,PRD011,4/26/2016,12,4/27/2017,3.08,0.35,6620000,227066,Tripartite Deed/Agreement,6000000,6
268,ID1081,Dealer,IFR159,GRP502,RM2038,1/20/2016,5/24/2016,5/24/2017,PRD020,5/24/2016,12,5/25/2017,2.65,0.27,3650000,106580,Cash and Cash E,11000000,3
269,ID1178,Dealer,IFR189,GRP500,RM2015,1/23/2016,5/8/2016,5/8/2017,PRD016,5/8/2016,6,11/7/2016,3.33,0.45,3770000,142506,Mortgage over Real Property (Residential),14100000,1
270,ID1275,Dealer,IFR165,GRP514,RM2003,1/24/2016,3/23/2016,3/23/2017,PRD012,3/23/2016,6,9/22/2016,2.51,0.22,3450000,94185,General Mortgage/Lien,10000000,1
271,ID1146,Dealer,IFR148,GRP500,RM2018,1/26/2016,5/29/2016,5/29/2017,PRD016,5/29/2016,24,5/31/2018,2.05,0.24,4570000,104653,Residential Property,18700000,2
272,ID1304,Commercial,IFR162,GRP514,RM2034,1/26/2016,4/4/2016,4/4/2017,PRD009,4/4/2016,24,4/6/2018,2.62,0.5,1550000,48360,Tripartite Deed/Agreement,11600000,4
273,ID1350,Dealer,IFR127,GRP517,RM2021,1/27/2016,5/18/2016,5/18/2017,PRD011,5/18/2016,48,5/21/2020,2.53,0.29,740000,20868,Tripartite Deed/Agreement,7000000,4
274,ID1196,Property Development,IFR130,GRP516,RM2009,1/31/2016,5/27/2016,5/27/2017,PRD020,5/27/2016,24,5/29/2018,2.81,0.2,910000,27391,Bill of Sale over specific business assets,13500000,6
275,ID1116,Dealer,IFR193,GRP516,RM2024,2/3/2016,5/11/2016,5/11/2017,PRD002,5/11/2016,48,5/14/2020,2.75,0.22,6090000,180873,Crop Lien,23300000,3
276,ID1425,Dealer,IFR141,GRP514,RM2006,2/5/2016,6/11/2016,6/11/2017,PRD015,6/11/2016,60,6/15/2021,2.7,0.22,5170000,150964,Bank Guarantee by Australian Financial Institution,5600000,4
277,ID1115,Property Development,IFR141,GRP514,RM2006,2/8/2016,2/25/2016,2/24/2017,PRD017,2/25/2016,24,2/26/2018,1.62,0.36,5220000,103356,Mortgage over Real Property (Commercial),20900000,4
278,ID1257,Commercial,IFR145,GRP514,RM2035,2/9/2016,4/13/2016,4/13/2017,PRD019,4/13/2016,24,4/15/2018,2.28,0.19,3160000,78052,Ships Mortgage,24700000,4
279,ID1325,Dealer,IFR188,GRP515,RM2029,2/9/2016,3/27/2016,3/27/2017,PRD010,3/27/2016,12,3/28/2017,2.33,0.39,4960000,134912,Fixed and Floating Company Charge,7900000,1
280,ID1486,Commercial,IFR173,GRP500,RM2016,2/9/2016,3/25/2016,3/25/2017,PRD013,3/25/2016,36,3/28/2019,2.27,0.4,6120000,163404,Cash and Cash E,5900000,5
281,ID1023,Dealer,IFR134,GRP501,RM2007,2/10/2016,5/23/2016,5/23/2017,PRD008,5/23/2016,36,5/26/2019,1.79,0.3,5730000,119757,Traded Equities,15000000,4
282,ID1352,Property Development,IFR130,GRP516,RM2025,2/10/2016,5/8/2016,5/8/2017,PRD008,5/8/2016,48,5/11/2020,2.56,0.43,6310000,188669,Ships Mortgage,16000000,1
283,ID1288,Property Development,IFR185,GRP520,RM2001,2/11/2016,5/26/2016,5/26/2017,PRD002,5/26/2016,24,5/28/2018,3.06,0.46,5810000,204512,Residential Property,6700000,5
284,ID1074,Commercial,IFR173,GRP500,RM2001,2/12/2016,4/29/2016,4/29/2017,PRD001,4/29/2016,36,5/2/2019,2.84,0.49,6240000,207792,Crop Lien,22100000,2
285,ID1317,Property Development,IFR135,GRP502,RM2016,2/13/2016,4/18/2016,4/18/2017,PRD012,4/18/2016,6,10/18/2016,1.6,0.16,580000,10208,Fixed Company Charge,5700000,6
286,ID1006,Dealer,IFR120,GRP500,RM2024,2/14/2016,3/24/2016,3/24/2017,PRD009,3/24/2016,24,3/26/2018,2.85,0.18,3810000,115443,Fixed and Floating Charge (Cashflow lending),21800000,3
287,ID1062,Corporate,IFR138,GRP514,RM2018,2/15/2016,5/31/2016,5/31/2017,PRD015,5/31/2016,12,6/1/2017,3.49,0.14,5080000,184404,Limited Guarantee and Indemnity (supported),13100000,3
288,ID1482,Commercial,IFR101,GRP504,RM2038,2/15/2016,6/17/2016,6/17/2017,PRD006,6/17/2016,6,12/17/2016,1.63,0.47,5930000,124530,Mortgage over life insurance,8900000,6
289,ID1076,Property Development,IFR119,GRP511,RM2023,2/23/2016,4/15/2016,4/15/2017,PRD016,4/15/2016,12,4/16/2017,3.26,0.34,5420000,195120,Limited Cross Guarantee and Indemnity (supported),7000000,5
290,ID1397,Corporate,IFR187,GRP510,RM2032,2/23/2016,3/17/2016,3/17/2017,PRD018,3/17/2016,12,3/18/2017,3.55,0.17,6430000,239196,Commercial Property,14400000,2
291,ID1157,Commercial,IFR141,GRP514,RM2010,2/27/2016,5/15/2016,5/15/2017,PRD001,5/15/2016,24,5/17/2018,2.55,0.23,6060000,168468,Mortgage over Real Property (Commercial),3100000,1
292,ID1383,Dealer,IFR123,GRP520,RM2007,2/29/2016,5/28/2016,5/28/2017,PRD001,5/28/2016,60,6/1/2021,3.03,0.25,4580000,150224,Limited Guarantee and Indemnity (supported),10100000,6
293,ID1498,Dealer,IFR158,GRP500,RM2015,2/29/2016,5/12/2016,5/12/2017,PRD008,5/12/2016,12,5/13/2017,3.69,0.18,410000,15867,Tripartite Deed/Agreement,7600000,5
294,ID1232,Commercial,IFR101,GRP504,RM2020,3/1/2016,3/27/2016,3/27/2017,PRD004,3/27/2016,36,3/30/2019,2.27,0.16,6200000,150660,Fixed Company Charge,8900000,1
295,ID1357,Dealer,IFR199,GRP514,RM2011,3/1/2016,5/31/2016,5/31/2017,PRD014,5/31/2016,6,11/30/2016,2.34,0.15,2900000,72210,Crop Lien,4000000,2
296,ID1209,Dealer,IFR168,GRP509,RM2005,3/2/2016,6/11/2016,6/11/2017,PRD006,6/11/2016,24,6/13/2018,1.68,0.1,1450000,25810,Fixed and Floating Company Charge,12400000,6
297,ID1210,Dealer,IFR145,GRP514,RM2012,3/3/2016,5/16/2016,5/16/2017,PRD015,5/16/2016,6,11/15/2016,2.01,0.23,730000,16352,Bill of Sale over specific business assets,12600000,4
298,ID1009,Commercial,IFR102,GRP512,RM2031,3/5/2016,5/17/2016,5/17/2017,PRD004,5/17/2016,12,5/18/2017,3.61,0.41,4660000,187332,Tripartite Deed/Agreement,13800000,3
299,ID1303,Dealer,IFR194,GRP511,RM2032,3/5/2016,7/2/2016,7/2/2017,PRD013,7/2/2016,36,7/5/2019,2.87,0.18,4220000,128710,Fixed and Floating Charge (Cashflow lending),10700000,5
300,ID1412,Corporate,IFR123,GRP520,RM2017,3/5/2016,6/2/2016,6/2/2017,PRD020,6/2/2016,60,6/6/2021,2.8,0.29,1300000,40170,Limited Guarantee and Indemnity (unsupported),13900000,4
301,ID1082,Property Development,IFR199,GRP514,RM2016,3/7/2016,6/20/2016,6/20/2017,PRD011,6/20/2016,6,12/20/2016,2.69,0.13,5450000,153690,Commercial Property,11700000,3
302,ID1142,Dealer,IFR169,GRP517,RM2038,3/8/2016,6/2/2016,6/2/2017,PRD012,6/2/2016,48,6/5/2020,2.89,0.3,1300000,41470,Traded Equities,18800000,6
303,ID1448,Dealer,IFR161,GRP507,RM2011,3/8/2016,5/15/2016,5/15/2017,PRD012,5/15/2016,12,5/16/2017,3.2,0.37,1000000,35700,Bill of Sale over specific business assets,17500000,2
304,ID1446,Dealer,IFR129,GRP500,RM2009,3/9/2016,6/12/2016,6/12/2017,PRD015,6/12/2016,24,6/14/2018,2.25,0.25,4680000,117000,Limited Guarantee and Indemnity (supported),3700000,1
305,ID1431,Dealer,IFR180,GRP502,RM2027,3/10/2016,6/1/2016,6/1/2017,PRD012,6/1/2016,24,6/3/2018,1.63,0.34,850000,16745,Bill of Sale over a Post Office licence,6900000,2
306,ID1223,Commercial,IFR153,GRP507,RM2000,3/12/2016,4/1/2016,4/1/2017,PRD020,4/1/2016,12,4/2/2017,2.84,0.16,3480000,104400,Fixed Company Charge,11200000,5
307,ID1135,Dealer,IFR111,GRP502,RM2025,3/13/2016,5/10/2016,5/10/2017,PRD002,5/10/2016,12,5/11/2017,1.68,0.33,1290000,25929,Limited Guarantee and Indemnity (supported),9200000,5
308,ID1206,Commercial,IFR159,GRP502,RM2011,3/15/2016,6/15/2016,6/15/2017,PRD007,6/15/2016,24,6/17/2018,1.77,0.47,4660000,104384,Limited Cross Guarantee and Indemnity (supported),18900000,6
309,ID1260,Commercial,IFR112,GRP507,RM2008,3/16/2016,4/8/2016,4/8/2017,PRD020,4/8/2016,36,4/11/2019,3.36,0.24,6400000,230400,Mortgage over a lease,19000000,3
310,ID1053,Commercial,IFR143,GRP514,RM2019,3/18/2016,5/30/2016,5/30/2017,PRD013,5/30/2016,12,5/31/2017,2.28,0.24,6510000,164052,Mortgage over a lease,16300000,6
311,ID1068,Commercial,IFR169,GRP517,RM2023,3/18/2016,5/22/2016,5/22/2017,PRD013,5/22/2016,12,5/23/2017,2.62,0.37,4530000,135447,Bill of Sale over specific business assets,10100000,3
312,ID1067,Dealer,IFR148,GRP500,RM2012,3/20/2016,6/12/2016,6/12/2017,PRD011,6/12/2016,24,6/14/2018,1.85,0.26,6810000,143691,Fixed Company Charge,18800000,2
313,ID1136,Commercial,IFR173,GRP500,RM2024,3/22/2016,5/20/2016,5/20/2017,PRD015,5/20/2016,12,5/21/2017,2.18,0.11,6620000,151598,Residential Property,11700000,4
314,ID1316,Dealer,IFR170,GRP516,RM2013,3/22/2016,6/8/2016,6/8/2017,PRD020,6/8/2016,12,6/9/2017,2.49,0.45,1900000,55860,Bill of Sale over a Post Office licence,9800000,4
315,ID1239,Dealer,IFR112,GRP507,RM2027,3/23/2016,7/20/2016,7/20/2017,PRD018,7/20/2016,12,7/21/2017,3.67,0.38,5160000,208980,Term Deposit at the bank.,10300000,1
316,ID1430,Dealer,IFR129,GRP500,RM2009,3/24/2016,6/23/2016,6/23/2017,PRD016,6/23/2016,12,6/24/2017,3.3,0.27,810000,28917,Bill of Sale over a Motor Vehicle,6700000,3
317,ID1063,Dealer,IFR174,GRP511,RM2007,3/25/2016,6/23/2016,6/23/2017,PRD010,6/23/2016,12,6/24/2017,1.96,0.34,1630000,37490,Fixed and Floating Charge (Cashflow lending),20000000,2
318,ID1158,Dealer,IFR166,GRP500,RM2040,3/25/2016,7/3/2016,7/3/2017,PRD007,7/3/2016,48,7/6/2020,2.23,0.28,6730000,168923,Fixed and Floating Charge (Cashflow lending),8100000,2
319,ID1471,Dealer,IFR133,GRP516,RM2015,3/25/2016,7/29/2016,7/29/2017,PRD006,7/29/2016,12,7/30/2017,2.67,0.19,4610000,131846,Crop Lien,13900000,5
320,ID1348,Commercial,IFR105,GRP501,RM2037,3/26/2016,5/14/2016,5/14/2017,PRD010,5/14/2016,36,5/17/2019,1.83,0.34,6530000,141701,Collateral Type Desc,22200000,4
321,ID1444,Commercial,IFR162,GRP514,RM2036,3/26/2016,7/10/2016,7/10/2017,PRD012,7/10/2016,48,7/13/2020,2.32,0.39,2140000,57994,Crop Lien,6100000,3
322,ID1287,Property Development,IFR102,GRP512,RM2017,3/27/2016,6/5/2016,6/5/2017,PRD007,6/5/2016,12,6/6/2017,2.7,0.2,290000,8410,Mortgage over Real Property (Industrial),8800000,4
323,ID1159,Commercial,IFR131,GRP505,RM2013,3/28/2016,5/25/2016,5/25/2017,PRD013,5/25/2016,12,5/26/2017,3.15,0.31,5190000,179574,Mortgage over Real Property (Industrial),24000000,6
324,ID1183,Dealer,IFR142,GRP519,RM2021,3/29/2016,5/4/2016,5/4/2017,PRD007,5/4/2016,24,5/6/2018,1.69,0.39,4220000,87776,Tripartite Deed/Agreement,14900000,1
325,ID1195,Dealer,IFR162,GRP514,RM2014,3/30/2016,7/29/2016,7/29/2017,PRD018,7/29/2016,6,1/28/2017,2.72,0.16,400000,11520,Mortgage over Real Property (Industrial),14100000,2
326,ID1092,Commercial,IFR119,GRP511,RM2028,4/1/2016,7/12/2016,7/12/2017,PRD016,7/12/2016,36,7/15/2019,2.36,0.42,6060000,168468,Bill of Sale over business assets,14500000,6
327,ID1132,Commercial,IFR158,GRP500,RM2017,4/2/2016,4/27/2016,4/27/2017,PRD013,4/27/2016,12,4/28/2017,3.5,0.41,850000,33235,Crop Lien,20100000,2
328,ID1043,Dealer,IFR182,GRP518,RM2006,4/3/2016,6/13/2016,6/13/2017,PRD008,6/13/2016,6,12/13/2016,2.68,0.5,4510000,143418,Fixed and Floating Company Charge,4500000,2
329,ID1470,Commercial,IFR136,GRP502,RM2013,4/4/2016,7/9/2016,7/9/2017,PRD015,7/9/2016,24,7/11/2018,2.97,0.11,580000,17864,General Mortgage/Lien,19300000,1
330,ID1277,Commercial,IFR189,GRP500,RM2005,4/8/2016,5/18/2016,5/18/2017,PRD017,5/18/2016,6,11/17/2016,3.29,0.24,3380000,119314,Fixed and Floating Company Charge,16000000,2
331,ID1341,Commercial,IFR104,GRP502,RM2002,4/8/2016,5/20/2016,5/20/2017,PRD019,5/20/2016,48,5/23/2020,2.85,0.18,6830000,206949,Gold Deposit,21600000,4
332,ID1059,Dealer,IFR176,GRP519,RM2007,4/9/2016,7/17/2016,7/17/2017,PRD002,7/17/2016,6,1/16/2017,2.25,0.11,6850000,161660,Limited Cross Guarantee and Indemnity (supported),7400000,1
333,ID1117,Dealer,IFR104,GRP502,RM2034,4/9/2016,7/1/2016,7/1/2017,PRD009,7/1/2016,12,7/2/2017,2.51,0.44,5420000,159890,Cash and Cash E,11500000,3
334,ID1010,Property Development,IFR150,GRP514,RM2003,4/11/2016,8/14/2016,8/14/2017,PRD013,8/14/2016,36,8/17/2019,3.5,0.48,4090000,162782,Bill of Sale over business assets,22100000,6
335,ID1217,Commercial,IFR190,GRP502,RM2016,4/11/2016,5/29/2016,5/29/2017,PRD018,5/29/2016,48,6/1/2020,3.28,0.16,1740000,59856,Mortgage over Real Property (Industrial),19500000,5
336,ID1364,Dealer,IFR157,GRP515,RM2030,4/12/2016,5/1/2016,5/1/2017,PRD019,5/1/2016,12,5/2/2017,2.55,0.1,680000,18020,Crop Lien,7900000,4
337,ID1013,Dealer,IFR191,GRP500,RM2031,4/14/2016,5/25/2016,5/25/2017,PRD015,5/25/2016,6,11/24/2016,2.36,0.13,2530000,62997,Bill of Sale over business assets,7300000,2
338,ID1435,Dealer,IFR159,GRP502,RM2040,4/14/2016,5/17/2016,5/17/2017,PRD002,5/17/2016,24,5/19/2018,3.28,0.47,3310000,124125,Transfer of Mortgage over a Lease,19200000,5
339,ID1015,Dealer,IFR108,GRP515,RM2010,4/19/2016,6/3/2016,6/3/2017,PRD005,6/3/2016,48,6/6/2020,2.36,0.29,5780000,153170,Transfer of Mortgage over a Lease,12100000,5
340,ID1255,Dealer,IFR141,GRP514,RM2022,4/20/2016,8/25/2016,8/25/2017,PRD020,8/25/2016,12,8/26/2017,3.42,0.28,4960000,183520,Cash and Cash E,9700000,1
341,ID1182,Dealer,IFR128,GRP514,RM2038,4/21/2016,5/17/2016,5/17/2017,PRD001,5/17/2016,6,11/16/2016,1.8,0.14,1490000,28906,Stock Mortgage,7400000,2
342,ID1151,Dealer,IFR196,GRP500,RM2003,4/23/2016,7/24/2016,7/24/2017,PRD002,7/24/2016,12,7/25/2017,1.55,0.29,6230000,114632,Cash and Cash E,14100000,1
343,ID1125,Corporate,IFR118,GRP514,RM2037,4/24/2016,8/31/2016,8/31/2017,PRD002,8/31/2016,6,3/2/2017,2.08,0.2,4770000,108756,Tripartite Deed/Agreement,14700000,1
344,ID1026,Dealer,IFR119,GRP511,RM2040,4/25/2016,6/8/2016,6/8/2017,PRD020,6/8/2016,60,6/12/2021,2.83,0.45,5610000,184008,Mortgage over life insurance,3800000,2
345,ID1194,Dealer,IFR168,GRP509,RM2033,4/26/2016,8/3/2016,8/3/2017,PRD004,8/3/2016,60,8/7/2021,1.68,0.35,2520000,51156,Limited Cross Guarantee and Indemnity (supported),13600000,6
346,ID1319,Commercial,IFR175,GRP500,RM2002,4/26/2016,7/7/2016,7/7/2017,PRD001,7/7/2016,36,7/10/2019,3.28,0.19,2520000,87444,Limited Cross Guarantee and Indemnity (supported),17600000,4
347,ID1179,Commercial,IFR123,GRP520,RM2007,4/27/2016,6/23/2016,6/23/2017,PRD010,6/23/2016,24,6/25/2018,2.01,0.11,2470000,52364,Mortgage over a lease,2400000,1
348,ID1226,Property Development,IFR195,GRP517,RM2020,4/27/2016,8/18/2016,8/18/2017,PRD001,8/18/2016,12,8/19/2017,3.11,0.12,4010000,129523,General Mortgage/Lien,22600000,4
349,ID1087,Dealer,IFR122,GRP511,RM2039,4/29/2016,6/16/2016,6/16/2017,PRD014,6/16/2016,12,6/17/2017,2.9,0.13,6410000,194223,Bill of Sale over business assets,2500000,3
350,ID1447,Commercial,IFR110,GRP505,RM2006,5/4/2016,8/4/2016,8/4/2017,PRD002,8/4/2016,12,8/5/2017,3.22,0.13,6000000,201000,Bill of Sale over business assets,15900000,4
351,ID1340,Commercial,IFR161,GRP507,RM2029,5/6/2016,6/3/2016,6/3/2017,PRD007,6/3/2016,12,6/4/2017,2.49,0.21,3940000,106380,Stock Mortgage,9700000,1
352,ID1390,Corporate,IFR106,GRP507,RM2011,5/8/2016,9/12/2016,9/12/2017,PRD020,9/12/2016,12,9/13/2017,1.63,0.44,1950000,40365,Mortgage over Real Property (Residential),18600000,6
353,ID1464,Commercial,IFR165,GRP514,RM2035,5/10/2016,8/14/2016,8/14/2017,PRD018,8/14/2016,12,8/15/2017,2.03,0.26,4420000,101218,Transfer of Mortgage over Real Property,6300000,4
354,ID1024,Dealer,IFR182,GRP518,RM2013,5/14/2016,7/30/2016,7/30/2017,PRD011,7/30/2016,6,1/29/2017,1.5,0.47,1610000,31717,Crop Lien,21900000,5
355,ID1166,Dealer,IFR191,GRP500,RM2005,5/17/2016,6/18/2016,6/18/2017,PRD011,6/18/2016,6,12/18/2016,2.91,0.44,1630000,54605,Bill of Sale over specific business assets,20600000,3
356,ID1224,Dealer,IFR186,GRP502,RM2019,5/20/2016,9/19/2016,9/19/2017,PRD001,9/19/2016,48,9/22/2020,3.64,0.42,4650000,188790,Unregistered Mortgage over an unregistered lease,17900000,2
357,ID1280,Dealer,IFR107,GRP502,RM2029,5/21/2016,6/11/2016,6/11/2017,PRD004,6/11/2016,36,6/14/2019,2.33,0.26,5900000,152810,Stock Mortgage,21600000,3
358,ID1134,Corporate,IFR155,GRP514,RM2007,5/23/2016,8/4/2016,8/4/2017,PRD007,8/4/2016,48,8/7/2020,2,0.12,1480000,31376,Mortgage over Real Property (Residential),4900000,3
359,ID1071,Corporate,IFR114,GRP505,RM2016,5/24/2016,9/19/2016,9/19/2017,PRD008,9/19/2016,12,9/20/2017,3.24,0.15,770000,26103,Traded Equities,22100000,3
360,ID1270,Property Development,IFR133,GRP516,RM2011,5/28/2016,9/6/2016,9/6/2017,PRD008,9/6/2016,12,9/7/2017,2.35,0.22,5810000,149317,Limited Guarantee and Indemnity (supported),14100000,3
361,ID1160,Dealer,IFR106,GRP507,RM2028,5/29/2016,9/15/2016,9/15/2017,PRD001,9/15/2016,12,9/16/2017,3.74,0.23,1120000,44464,Commercial Property,20700000,4
362,ID1097,Corporate,IFR180,GRP502,RM2028,6/3/2016,9/29/2016,9/29/2017,PRD014,9/29/2016,48,10/2/2020,2.36,0.47,3980000,112634,Residential Property,19400000,3
363,ID1093,Dealer,IFR190,GRP502,RM2029,6/4/2016,6/23/2016,6/23/2017,PRD001,6/23/2016,48,6/26/2020,3.7,0.38,430000,17544,Mortgage over Real Property (Commercial),23500000,1
364,ID1207,Dealer,IFR145,GRP514,RM2000,6/4/2016,6/26/2016,6/26/2017,PRD018,6/26/2016,12,6/27/2017,2.02,0.11,6840000,145692,Fixed and Floating Charge (Cashflow lending),14100000,5
365,ID1119,Dealer,IFR103,GRP505,RM2001,6/10/2016,9/10/2016,9/10/2017,PRD004,9/10/2016,24,9/12/2018,2.07,0.29,6750000,159300,Mortgage over Real Property (Commercial),20700000,6
366,ID1372,Commercial,IFR132,GRP517,RM2030,6/10/2016,8/7/2016,8/7/2017,PRD006,8/7/2016,12,8/8/2017,3.44,0.36,2890000,109820,Collateral Type Desc,12400000,3
367,ID1070,Dealer,IFR122,GRP511,RM2012,6/13/2016,10/6/2016,10/6/2017,PRD015,10/6/2016,12,10/7/2017,3.03,0.32,440000,14740,Fixed and Floating Company Charge,10400000,6
368,ID1198,Dealer,IFR145,GRP514,RM2018,6/15/2016,8/13/2016,8/13/2017,PRD008,8/13/2016,24,8/15/2018,2.59,0.1,1820000,48958,Mortgage over Real Property (Industrial),11100000,3
369,ID1002,Dealer,IFR148,GRP500,RM2008,6/16/2016,7/8/2016,7/8/2017,PRD009,7/8/2016,24,7/10/2018,2.5,0.21,1260000,34146,Bill of Sale over a Post Office licence,8700000,2
370,ID1309,Property Development,IFR185,GRP520,RM2010,6/16/2016,8/25/2016,8/25/2017,PRD020,8/25/2016,24,8/27/2018,2.5,0.32,4420000,124644,Limited Guarantee and Indemnity (unsupported),22800000,1
371,ID1036,Dealer,IFR123,GRP520,RM2006,6/17/2016,8/9/2016,8/9/2017,PRD014,8/9/2016,12,8/10/2017,2.26,0.43,370000,9953,Transfer of Mortgage over Real Property,11400000,2
372,ID1313,Commercial,IFR128,GRP514,RM2015,6/20/2016,8/6/2016,8/6/2017,PRD011,8/6/2016,36,8/9/2019,2.98,0.27,3750000,121875,Collateral Type Desc,13300000,2
373,ID1386,Commercial,IFR197,GRP502,RM2024,6/22/2016,10/5/2016,10/5/2017,PRD013,10/5/2016,6,4/6/2017,2.11,0.33,2360000,57584,Unregistered Mortgage over an unregistered lease,7700000,4
374,ID1289,Dealer,IFR178,GRP501,RM2022,6/24/2016,10/15/2016,10/15/2017,PRD005,10/15/2016,12,10/16/2017,1.64,0.36,1790000,35800,Transfer of Mortgage over a Lease,7600000,1
375,ID1172,Dealer,IFR127,GRP517,RM2039,6/25/2016,7/16/2016,7/16/2017,PRD006,7/16/2016,12,7/17/2017,3.35,0.36,400000,14840,Residential Property,16200000,2
376,ID1489,Commercial,IFR189,GRP500,RM2018,6/27/2016,7/29/2016,7/29/2017,PRD015,7/29/2016,12,7/30/2017,3.01,0.24,3820000,124150,General Mortgage/Lien,4200000,2
377,ID1227,Commercial,IFR124,GRP514,RM2007,6/30/2016,8/11/2016,8/11/2017,PRD010,8/11/2016,24,8/13/2018,2.26,0.13,4410000,105399,Collateral Type Desc,6200000,3
378,ID1396,Commercial,IFR163,GRP500,RM2003,6/30/2016,10/8/2016,10/8/2017,PRD015,10/8/2016,48,10/11/2020,3.03,0.46,820000,28618,Fixed and Floating Charge (Cashflow lending),8700000,3
379,ID1103,Dealer,IFR117,GRP501,RM2015,7/1/2016,10/17/2016,10/17/2017,PRD011,10/17/2016,36,10/20/2019,2.96,0.49,6430000,221835,Crop Lien,18900000,2
380,ID1494,Commercial,IFR148,GRP500,RM2005,7/3/2016,10/16/2016,10/16/2017,PRD015,10/16/2016,12,10/17/2017,2.37,0.24,4260000,111186,Fixed and Floating Company Charge,18400000,6
381,ID1034,Dealer,IFR121,GRP500,RM2013,7/7/2016,8/20/2016,8/20/2017,PRD020,8/20/2016,6,2/19/2017,2.33,0.23,5060000,129536,Fixed and Floating Company Charge,7200000,6
382,ID1104,Dealer,IFR191,GRP500,RM2001,7/13/2016,10/4/2016,10/4/2017,PRD010,10/4/2016,12,10/5/2017,3.5,0.19,6100000,225090,Transfer of Mortgage over Real Property,16100000,6
383,ID1356,Dealer,IFR194,GRP511,RM2018,7/14/2016,8/11/2016,8/11/2017,PRD020,8/11/2016,24,8/13/2018,2.1,0.45,6320000,161160,Crop Lien,16700000,2
384,ID1058,Dealer,IFR105,GRP501,RM2013,7/17/2016,11/8/2016,11/8/2017,PRD020,11/8/2016,6,5/10/2017,2.56,0.44,4520000,135600,Ships Mortgage,3700000,3
385,ID1072,Dealer,IFR157,GRP515,RM2034,7/17/2016,8/8/2016,8/8/2017,PRD002,8/8/2016,6,2/7/2017,1.61,0.25,5480000,101928,Limited Cross Guarantee and Indemnity (supported),22800000,6
386,ID1266,Dealer,IFR167,GRP516,RM2009,7/17/2016,8/11/2016,8/11/2017,PRD011,8/11/2016,6,2/10/2017,1.73,0.16,3900000,73710,Collateral Type Desc,19200000,2
387,ID1354,Property Development,IFR138,GRP514,RM2037,7/20/2016,9/24/2016,9/24/2017,PRD005,9/24/2016,24,9/26/2018,2.03,0.27,3190000,73370,Gold Deposit,16300000,5
388,ID1320,Dealer,IFR176,GRP519,RM2038,7/21/2016,10/24/2016,10/24/2017,PRD009,10/24/2016,12,10/25/2017,2.77,0.29,900000,27540,Mortgage over Real Property (Commercial),2700000,1
389,ID1069,Dealer,IFR189,GRP500,RM2026,7/22/2016,8/21/2016,8/21/2017,PRD015,8/21/2016,12,8/22/2017,3.38,0.42,470000,17860,Commercial Property,18400000,5
390,ID1415,Corporate,IFR179,GRP500,RM2020,7/22/2016,10/13/2016,10/13/2017,PRD002,10/13/2016,6,4/14/2017,2.89,0.44,3120000,103896,Stock Mortgage,12400000,5
391,ID1499,Corporate,IFR170,GRP516,RM2005,7/23/2016,11/26/2016,11/26/2017,PRD010,11/26/2016,24,11/28/2018,2.96,0.17,1340000,41942,General Mortgage/Lien,5900000,5
392,ID1020,Dealer,IFR191,GRP500,RM2033,7/24/2016,10/14/2016,10/14/2017,PRD003,10/14/2016,24,10/16/2018,2.42,0.45,4950000,142065,Limited Guarantee and Indemnity (unsupported),23100000,6
393,ID1215,Dealer,IFR182,GRP518,RM2032,7/24/2016,8/23/2016,8/23/2017,PRD017,8/23/2016,24,8/25/2018,2.83,0.47,6920000,228360,Transfer of Mortgage over Real Property,9500000,1
394,ID1031,Dealer,IFR167,GRP516,RM2006,7/25/2016,9/9/2016,9/9/2017,PRD018,9/9/2016,60,9/13/2021,1.98,0.36,4120000,96408,Mortgage over Real Property (Commercial),11900000,4
395,ID1389,Property Development,IFR107,GRP502,RM2030,7/27/2016,10/12/2016,10/12/2017,PRD015,10/12/2016,24,10/14/2018,3.17,0.34,5540000,194454,Fixed and Floating Company Charge,9000000,2
396,ID1394,Dealer,IFR150,GRP514,RM2025,7/29/2016,10/2/2016,10/2/2017,PRD016,10/2/2016,12,10/3/2017,1.71,0.25,5290000,103684,Bill of Sale over business assets,14800000,5
397,ID1393,Dealer,IFR149,GRP517,RM2032,7/30/2016,10/14/2016,10/14/2017,PRD007,10/14/2016,24,10/16/2018,1.57,0.13,4960000,84320,Residential Property,8000000,6
398,ID1408,Dealer,IFR121,GRP500,RM2020,7/31/2016,8/27/2016,8/27/2017,PRD016,8/27/2016,12,8/28/2017,2.82,0.35,6210000,196857,Stock Mortgage,24600000,1
399,ID1228,Dealer,IFR106,GRP507,RM2002,8/1/2016,11/30/2016,11/30/2017,PRD013,11/30/2016,12,12/1/2017,1.76,0.44,4580000,100760,Fixed Company Charge,2900000,5
400,ID1461,Corporate,IFR187,GRP510,RM2040,8/1/2016,11/23/2016,11/23/2017,PRD003,11/23/2016,12,11/24/2017,3.66,0.41,1670000,67969,Limited Guarantee and Indemnity (unsupported),6000000,5
401,ID1293,Commercial,IFR157,GRP515,RM2037,8/3/2016,11/11/2016,11/11/2017,PRD008,11/11/2016,48,11/14/2020,3.37,0.49,370000,14282,Residential Property,17100000,6
402,ID1374,Corporate,IFR114,GRP505,RM2025,8/8/2016,9/27/2016,9/27/2017,PRD002,9/27/2016,12,9/28/2017,2.44,0.2,2530000,66792,Stock Mortgage,4700000,2
403,ID1442,Dealer,IFR142,GRP519,RM2012,8/9/2016,10/4/2016,10/4/2017,PRD006,10/4/2016,24,10/6/2018,3.22,0.48,310000,11470,Cash and Cash E,21100000,6
404,ID1308,Dealer,IFR118,GRP514,RM2021,8/10/2016,9/19/2016,9/19/2017,PRD008,9/19/2016,12,9/20/2017,2.17,0.39,1310000,33536,Transfer of Mortgage over a Lease,10500000,3
405,ID1047,Dealer,IFR116,GRP517,RM2025,8/12/2016,9/28/2016,9/28/2017,PRD011,9/28/2016,6,3/30/2017,2.21,0.4,5050000,131805,General Mortgage/Lien,22800000,5
406,ID1273,Dealer,IFR173,GRP500,RM2023,8/16/2016,11/18/2016,11/18/2017,PRD007,11/18/2016,12,11/19/2017,2.59,0.38,6980000,207306,Bank Guarantee by Australian Financial Institution,14000000,5
407,ID1371,Property Development,IFR164,GRP517,RM2039,8/19/2016,11/28/2016,11/28/2017,PRD008,11/28/2016,6,5/30/2017,3.23,0.14,4750000,160075,Stock Mortgage,17500000,1
408,ID1443,Property Development,IFR187,GRP510,RM2031,8/20/2016,9/12/2016,9/12/2017,PRD002,9/12/2016,24,9/14/2018,2.56,0.18,2940000,80556,Bill of Sale over business assets,17400000,1
409,ID1114,Dealer,IFR119,GRP511,RM2018,8/21/2016,10/27/2016,10/27/2017,PRD005,10/27/2016,12,10/28/2017,3.18,0.31,6340000,221266,Traded Equities,2800000,5
410,ID1414,Corporate,IFR196,GRP500,RM2036,8/22/2016,10/19/2016,10/19/2017,PRD012,10/19/2016,24,10/21/2018,1.77,0.45,6590000,146298,Bill of Sale over a Motor Vehicle,15000000,6
411,ID1214,Commercial,IFR123,GRP520,RM2016,8/23/2016,12/4/2016,12/4/2017,PRD007,12/4/2016,24,12/6/2018,3.09,0.15,1770000,57348,Unregistered Mortgage over an unregistered lease,21600000,1
412,ID1484,Dealer,IFR169,GRP517,RM2003,8/26/2016,10/23/2016,10/23/2017,PRD008,10/23/2016,12,10/24/2017,1.79,0.47,5840000,131984,Term Deposit at the bank.,21600000,2
413,ID1385,Dealer,IFR135,GRP502,RM2022,8/30/2016,12/10/2016,12/10/2017,PRD014,12/10/2016,24,12/12/2018,1.91,0.17,4940000,102752,General Mortgage/Lien,16700000,5
414,ID1105,Commercial,IFR160,GRP514,RM2025,9/1/2016,11/22/2016,11/22/2017,PRD017,11/22/2016,24,11/24/2018,2.24,0.37,2980000,77778,Commercial Property,10000000,6
415,ID1164,Commercial,IFR157,GRP515,RM2018,9/1/2016,10/10/2016,10/10/2017,PRD005,10/10/2016,6,4/11/2017,1.9,0.12,3730000,75346,Fixed Company Charge,21400000,1
416,ID1337,Property Development,IFR112,GRP507,RM2022,9/2/2016,10/23/2016,10/23/2017,PRD008,10/23/2016,6,4/24/2017,3.68,0.5,5500000,229900,Tripartite Deed/Agreement,16100000,5
417,ID1001,Dealer,IFR195,GRP517,RM2015,9/3/2016,11/2/2016,11/2/2017,PRD003,11/2/2016,6,5/4/2017,3.48,0.39,6320000,244584,Collateral Type Desc,7300000,3
418,ID1418,Commercial,IFR192,GRP502,RM2040,9/3/2016,1/6/2017,1/6/2018,PRD018,1/6/2017,24,1/8/2019,3.15,0.31,2400000,83040,Bank Guarantee by Australian Financial Institution,7000000,3
419,ID1497,Dealer,IFR189,GRP500,RM2010,9/3/2016,12/17/2016,12/17/2017,PRD006,12/17/2016,24,12/19/2018,3.42,0.45,2510000,97137,Unregistered Mortgage over an unregistered lease,11300000,6
420,ID1061,Dealer,IFR143,GRP514,RM2020,9/5/2016,9/24/2016,9/24/2017,PRD005,9/24/2016,24,9/26/2018,3.09,0.18,2220000,72594,Transfer of Mortgage over a Lease,2800000,3
421,ID1109,Dealer,IFR134,GRP501,RM2001,9/5/2016,12/10/2016,12/10/2017,PRD011,12/10/2016,60,12/14/2021,2.55,0.11,5190000,138054,Limited Cross Guarantee and Indemnity (supported),8900000,1
422,ID1336,Dealer,IFR199,GRP514,RM2037,9/9/2016,12/4/2016,12/4/2017,PRD006,12/4/2016,48,12/7/2020,2.79,0.13,5830000,170236,Traded Equities,14000000,6
423,ID1392,Dealer,IFR195,GRP517,RM2005,9/9/2016,12/13/2016,12/13/2017,PRD019,12/13/2016,24,12/15/2018,2.03,0.45,4990000,123752,Stock Mortgage,12100000,1
424,ID1438,Dealer,IFR177,GRP516,RM2022,9/9/2016,9/30/2016,9/30/2017,PRD019,9/30/2016,60,10/4/2021,1.84,0.37,5160000,114036,Collateral Type Desc,16400000,5
425,ID1168,Commercial,IFR184,GRP517,RM2014,9/10/2016,12/16/2016,12/16/2017,PRD002,12/16/2016,48,12/19/2020,3.37,0.4,2100000,79170,Residential Property,4800000,2
426,ID1144,Dealer,IFR141,GRP514,RM2034,9/11/2016,1/18/2017,1/18/2018,PRD016,1/18/2017,6,7/20/2017,2.92,0.45,6620000,223094,Fixed Company Charge,6800000,2
427,ID1170,Dealer,IFR111,GRP502,RM2027,9/11/2016,1/5/2017,1/5/2018,PRD011,1/5/2017,12,1/6/2018,1.73,0.45,5970000,130146,Ships Mortgage,2900000,3
428,ID1014,Dealer,IFR145,GRP514,RM2015,9/13/2016,12/3/2016,12/3/2017,PRD018,12/3/2016,24,12/5/2018,3.39,0.29,1640000,60352,Fixed Company Charge,3900000,6
429,ID1450,Property Development,IFR125,GRP514,RM2003,9/14/2016,11/25/2016,11/25/2017,PRD013,11/25/2016,6,5/27/2017,2.41,0.32,6950000,189735,Transfer of Mortgage over a Lease,14800000,6
430,ID1466,Commercial,IFR123,GRP520,RM2005,9/16/2016,1/14/2017,1/14/2018,PRD001,1/14/2017,24,1/16/2019,3.25,0.28,3690000,130257,Fixed and Floating Company Charge,17100000,6
431,ID1271,Dealer,IFR182,GRP518,RM2018,9/17/2016,1/11/2017,1/11/2018,PRD017,1/11/2017,6,7/13/2017,1.57,0.31,4500000,84600,Fixed and Floating Charge (Cashflow lending),13700000,1
432,ID1161,Dealer,IFR189,GRP500,RM2021,9/21/2016,12/16/2016,12/16/2017,PRD008,12/16/2016,36,12/19/2019,2.55,0.3,6400000,182400,Cash and Cash E,17300000,6
433,ID1332,Commercial,IFR190,GRP502,RM2022,9/21/2016,11/23/2016,11/23/2017,PRD016,11/23/2016,6,5/25/2017,2.47,0.18,6870000,182055,Stock Mortgage,24000000,6
434,ID1045,Commercial,IFR110,GRP505,RM2023,9/23/2016,10/11/2016,10/11/2017,PRD007,10/11/2016,36,10/14/2019,2.52,0.49,2520000,75852,Mortgage over a lease,18400000,6
435,ID1184,Dealer,IFR127,GRP517,RM2015,9/24/2016,10/31/2016,10/31/2017,PRD001,10/31/2016,24,11/2/2018,1.68,0.38,2620000,53972,Mortgage over Real Property (Commercial),23900000,4
436,ID1456,Dealer,IFR114,GRP505,RM2036,9/26/2016,11/12/2016,11/12/2017,PRD002,11/12/2016,12,11/13/2017,1.95,0.45,4740000,113760,Gold Deposit,6100000,6
437,ID1432,Dealer,IFR145,GRP514,RM2015,9/27/2016,11/3/2016,11/3/2017,PRD008,11/3/2016,12,11/4/2017,3.2,0.13,5080000,169164,Limited Guarantee and Indemnity (supported),20900000,6
438,ID1413,Commercial,IFR137,GRP505,RM2021,9/30/2016,12/29/2016,12/29/2017,PRD012,12/29/2016,12,12/30/2017,1.63,0.15,280000,4984,Term Deposit at the bank.,10100000,4
439,ID1402,Commercial,IFR180,GRP502,RM2017,10/3/2016,11/9/2016,11/9/2017,PRD019,11/9/2016,24,11/11/2018,2.05,0.13,2260000,49268,Unregistered Mortgage over an unregistered lease,18500000,3
440,ID1108,Dealer,IFR100,GRP500,RM2029,10/5/2016,12/15/2016,12/15/2017,PRD020,12/15/2016,36,12/18/2019,2.68,0.48,4190000,132404,Fixed Company Charge,19700000,2
441,ID1375,Commercial,IFR101,GRP504,RM2011,10/6/2016,10/26/2016,10/26/2017,PRD014,10/26/2016,12,10/27/2017,2.21,0.34,6960000,177480,Bill of Sale over a Post Office licence,9800000,4
442,ID1177,Commercial,IFR151,GRP517,RM2014,10/7/2016,1/19/2017,1/19/2018,PRD005,1/19/2017,48,1/22/2021,3.51,0.15,6230000,228018,Gold Deposit,20100000,3
443,ID1284,Commercial,IFR181,GRP505,RM2018,10/11/2016,1/14/2017,1/14/2018,PRD020,1/14/2017,48,1/17/2021,2.32,0.48,5850000,163800,Crop Lien,16100000,5
444,ID1345,Property Development,IFR125,GRP514,RM2006,10/12/2016,11/3/2016,11/3/2017,PRD010,11/3/2016,12,11/4/2017,2.34,0.41,5020000,138050,Collateral Type Desc,8000000,2
445,ID1155,Dealer,IFR140,GRP507,RM2007,10/13/2016,12/19/2016,12/19/2017,PRD011,12/19/2016,60,12/23/2021,2.98,0.41,3940000,133566,Fixed Company Charge,3700000,4
446,ID1411,Dealer,IFR156,GRP505,RM2024,10/13/2016,1/2/2017,1/2/2018,PRD012,1/2/2017,12,1/3/2018,3.06,0.41,3270000,113469,Mortgage over life insurance,21000000,4
447,ID1258,Commercial,IFR143,GRP514,RM2029,10/15/2016,11/15/2016,11/15/2017,PRD003,11/15/2016,12,11/16/2017,3.44,0.45,1860000,72354,Traded Equities,12800000,3
448,ID1382,Dealer,IFR180,GRP502,RM2006,10/17/2016,1/29/2017,1/29/2018,PRD004,1/29/2017,24,1/31/2019,3.58,0.16,790000,29546,Mortgage over Real Property (Residential),12500000,2
449,ID1100,Dealer,IFR104,GRP502,RM2037,10/18/2016,1/29/2017,1/29/2018,PRD007,1/29/2017,24,1/31/2019,3.01,0.43,620000,21328,Stock Mortgage,3100000,3
450,ID1329,Dealer,IFR100,GRP500,RM2013,10/21/2016,11/20/2016,11/20/2017,PRD019,11/20/2016,24,11/22/2018,1.78,0.41,4260000,93294,Unregistered Mortgage over an unregistered lease,9800000,6
451,ID1477,Dealer,IFR160,GRP514,RM2015,10/21/2016,2/22/2017,2/22/2018,PRD013,2/22/2017,48,2/25/2021,2.89,0.16,3760000,114680,Term Deposit at the bank.,16600000,4
452,ID1401,Corporate,IFR109,GRP505,RM2013,10/24/2016,2/20/2017,2/20/2018,PRD012,2/20/2017,48,2/23/2021,3.26,0.14,5570000,189380,Bill of Sale over a Post Office licence,24500000,4
453,ID1003,Dealer,IFR173,GRP500,RM2002,10/25/2016,11/22/2016,11/22/2017,PRD009,11/22/2016,24,11/24/2018,2.77,0.13,3020000,87580,Unregistered Mortgage over an unregistered lease,12100000,2
454,ID1387,Dealer,IFR123,GRP520,RM2003,10/25/2016,1/12/2017,1/12/2018,PRD009,1/12/2017,24,1/14/2019,3.43,0.24,2020000,74134,Mortgage over life insurance,2600000,3
455,ID1458,Property Development,IFR173,GRP500,RM2026,10/26/2016,1/13/2017,1/13/2018,PRD004,1/13/2017,12,1/14/2018,3.62,0.2,3790000,144778,Limited Guarantee and Indemnity (supported),6100000,1
456,ID1145,Commercial,IFR171,GRP520,RM2000,10/27/2016,12/9/2016,12/9/2017,PRD018,12/9/2016,12,12/10/2017,2.64,0.37,910000,27391,Limited Guarantee and Indemnity (unsupported),5700000,2
457,ID1306,Commercial,IFR137,GRP505,RM2014,10/27/2016,12/17/2016,12/17/2017,PRD011,12/17/2016,12,12/18/2017,2.31,0.23,870000,22098,Fixed and Floating Company Charge,11300000,3
458,ID1027,Dealer,IFR145,GRP514,RM2037,10/28/2016,12/31/2016,12/31/2017,PRD011,12/31/2016,24,1/2/2019,2.28,0.43,5810000,157451,Fixed and Floating Company Charge,23900000,6
459,ID1173,Corporate,IFR108,GRP515,RM2030,10/28/2016,1/6/2017,1/6/2018,PRD003,1/6/2017,6,7/8/2017,2.29,0.2,320000,7968,Term Deposit at the bank.,3900000,6
460,ID1065,Dealer,IFR167,GRP516,RM2020,10/30/2016,12/7/2016,12/7/2017,PRD001,12/7/2016,48,12/10/2020,2.56,0.12,6410000,171788,Bank Guarantee by Australian Financial Institution,18700000,4
461,ID1422,Commercial,IFR168,GRP509,RM2006,10/31/2016,12/9/2016,12/9/2017,PRD006,12/9/2016,12,12/10/2017,1.54,0.33,1520000,28424,Mortgage over Real Property (Commercial),14400000,5
462,ID1379,Dealer,IFR124,GRP514,RM2026,11/7/2016,2/14/2017,2/14/2018,PRD011,2/14/2017,12,2/15/2018,3.2,0.49,530000,19557,Ships Mortgage,13800000,1
463,ID1391,Corporate,IFR148,GRP500,RM2029,11/8/2016,2/4/2017,2/4/2018,PRD015,2/4/2017,60,2/8/2022,2.26,0.21,870000,21489,Mortgage over Real Property (Commercial),11600000,4
464,ID1351,Dealer,IFR102,GRP512,RM2034,11/11/2016,3/11/2017,3/11/2018,PRD020,3/11/2017,12,3/12/2018,3.28,0.12,4160000,141440,Cash and Cash E,22600000,6
465,ID1294,Commercial,IFR141,GRP514,RM2002,11/13/2016,3/18/2017,3/18/2018,PRD004,3/18/2017,12,3/19/2018,2.94,0.35,4720000,155288,Fixed and Floating Charge (Cashflow lending),23000000,1
466,ID1380,Property Development,IFR113,GRP516,RM2021,11/14/2016,2/22/2017,2/22/2018,PRD005,2/22/2017,12,2/23/2018,2.66,0.35,4540000,136654,Limited Guarantee and Indemnity (unsupported),13700000,6
467,ID1416,Dealer,IFR145,GRP514,RM2021,11/15/2016,2/23/2017,2/23/2018,PRD004,2/23/2017,48,2/26/2021,2.71,0.46,1010000,32017,Limited Guarantee and Indemnity (supported),5400000,5
468,ID1212,Corporate,IFR182,GRP518,RM2039,11/21/2016,3/20/2017,3/20/2018,PRD003,3/20/2017,12,3/21/2018,2.03,0.29,6950000,161240,Mortgage over Real Property (Industrial),14600000,4
469,ID1480,Property Development,IFR154,GRP514,RM2039,11/21/2016,1/13/2017,1/13/2018,PRD014,1/13/2017,36,1/16/2020,1.81,0.22,5320000,107996,Mortgage over life insurance,3800000,5
470,ID1311,Commercial,IFR166,GRP500,RM2016,11/29/2016,2/24/2017,2/24/2018,PRD017,2/24/2017,12,2/25/2018,2.32,0.31,2620000,68906,Crop Lien,3700000,2
471,ID1473,Dealer,IFR158,GRP500,RM2031,11/29/2016,1/10/2017,1/10/2018,PRD011,1/10/2017,12,1/11/2018,3.53,0.25,5110000,193158,Bill of Sale over business assets,13100000,6
472,ID1246,Commercial,IFR115,GRP514,RM2022,12/1/2016,12/24/2016,12/24/2017,PRD008,12/24/2016,12,12/25/2017,1.86,0.39,5840000,131400,Fixed Company Charge,5900000,1
473,ID1297,Commercial,IFR112,GRP507,RM2038,12/7/2016,4/2/2017,4/2/2018,PRD014,4/2/2017,36,4/4/2020,3.55,0.45,1630000,65200,Bill of Sale over specific business assets,2100000,5
474,ID1326,Dealer,IFR195,GRP517,RM2010,12/10/2016,4/4/2017,4/4/2018,PRD020,4/4/2017,12,4/5/2018,1.84,0.15,330000,6567,Collateral Type Desc,12200000,3
475,ID1123,Property Development,IFR133,GRP516,RM2016,12/12/2016,2/3/2017,2/3/2018,PRD014,2/3/2017,24,2/5/2019,3.37,0.24,6560000,236816,Mortgage over a lease,10900000,2
476,ID1353,Dealer,IFR107,GRP502,RM2010,12/12/2016,4/5/2017,4/5/2018,PRD019,4/5/2017,12,4/6/2018,1.67,0.39,5030000,103618,Transfer of Mortgage over a Lease,11500000,3
477,ID1060,Dealer,IFR159,GRP502,RM2001,12/15/2016,2/7/2017,2/7/2018,PRD003,2/7/2017,48,2/10/2021,3.39,0.26,2460000,89790,Bank Guarantee by Australian Financial Institution,16400000,6
478,ID1335,Dealer,IFR189,GRP500,RM2002,12/15/2016,4/10/2017,4/10/2018,PRD004,4/10/2017,36,4/12/2020,3.4,0.26,3670000,134322,Mortgage over Real Property (Commercial),10700000,3
479,ID1176,Dealer,IFR184,GRP517,RM2029,12/16/2016,4/25/2017,4/25/2018,PRD015,4/25/2017,6,10/25/2017,2.95,0.35,3920000,129360,Bill of Sale over specific business assets,20700000,2
480,ID1404,Property Development,IFR161,GRP507,RM2034,12/16/2016,3/30/2017,3/30/2018,PRD018,3/30/2017,6,9/29/2017,2.83,0.24,3530000,108371,Bill of Sale over a Post Office licence,24800000,4
481,ID1192,Commercial,IFR120,GRP500,RM2010,12/18/2016,2/19/2017,2/19/2018,PRD016,2/19/2017,36,2/22/2020,1.53,0.2,1580000,27334,Bank Guarantee by Australian Financial Institution,12000000,1
482,ID1221,Dealer,IFR135,GRP502,RM2038,12/19/2016,1/16/2017,1/16/2018,PRD007,1/16/2017,24,1/18/2019,2.1,0.31,3720000,89652,Unregistered Mortgage over an unregistered lease,8900000,2
483,ID1342,Property Development,IFR103,GRP505,RM2017,12/20/2016,1/19/2017,1/19/2018,PRD019,1/19/2017,48,1/22/2021,2.91,0.35,1750000,57050,Transfer of Mortgage over a Lease,17300000,2
484,ID1368,Dealer,IFR190,GRP502,RM2007,12/20/2016,2/22/2017,2/22/2018,PRD008,2/22/2017,24,2/24/2019,2.52,0.48,860000,25800,Term Deposit at the bank.,8200000,2
485,ID1080,Dealer,IFR133,GRP516,RM2031,12/21/2016,3/21/2017,3/21/2018,PRD007,3/21/2017,36,3/23/2020,3.59,0.12,2420000,89782,Crop Lien,4100000,1
486,ID1019,Dealer,IFR124,GRP514,RM2036,12/22/2016,4/18/2017,4/18/2018,PRD016,4/18/2017,6,10/18/2017,2.91,0.33,6740000,218376,Unregistered Mortgage over an unregistered lease,12200000,4
487,ID1440,Dealer,IFR134,GRP501,RM2021,12/22/2016,5/1/2017,5/1/2018,PRD009,5/1/2017,24,5/3/2019,2.91,0.35,2420000,78892,Commercial Property,5000000,3
488,ID1041,Property Development,IFR121,GRP500,RM2030,12/26/2016,3/25/2017,3/25/2018,PRD011,3/25/2017,24,3/27/2019,2.02,0.4,3840000,92928,Limited Cross Guarantee and Indemnity (supported),16100000,1
489,ID1302,Dealer,IFR185,GRP520,RM2035,12/26/2016,4/20/2017,4/20/2018,PRD002,4/20/2017,60,4/24/2022,2.04,0.43,3520000,86944,Term Deposit at the bank.,23100000,5
490,ID1152,Commercial,IFR161,GRP507,RM2000,12/28/2016,4/22/2017,4/22/2018,PRD009,4/22/2017,6,10/22/2017,1.9,0.3,2080000,45760,Cash and Cash E,5300000,2
491,ID1175,Dealer,IFR139,GRP500,RM2004,12/28/2016,3/6/2017,3/6/2018,PRD019,3/6/2017,48,3/9/2021,3.07,0.48,3340000,118570,Transfer of Mortgage over a Lease,16000000,6
492,ID1200,Dealer,IFR100,GRP500,RM2002,12/28/2016,4/21/2017,4/21/2018,PRD017,4/21/2017,60,4/25/2022,3.75,0.28,1320000,53196,Bill of Sale over a Post Office licence,13200000,4
493,ID1274,Commercial,IFR116,GRP517,RM2010,12/29/2016,4/9/2017,4/9/2018,PRD011,4/9/2017,48,4/12/2021,3.12,0.21,2490000,82917,Commercial Property,22000000,4
494,ID1376,Dealer,IFR101,GRP504,RM2032,12/29/2016,1/31/2017,1/31/2018,PRD012,1/31/2017,24,2/2/2019,1.88,0.23,4210000,88831,Gold Deposit,10400000,6
495,ID1406,Dealer,IFR188,GRP515,RM2005,12/30/2016,2/14/2017,2/14/2018,PRD002,2/14/2017,48,2/17/2021,2.62,0.23,1310000,37335,Mortgage over a lease,23300000,4
496,ID1423,Property Development,IFR198,GRP511,RM2034,1/2/2017,5/9/2017,5/9/2018,PRD008,5/9/2017,6,11/8/2017,3.33,0.27,6550000,235800,Collateral Type Desc,18300000,2
497,ID1211,Corporate,IFR137,GRP505,RM2026,1/4/2017,2/15/2017,2/15/2018,PRD005,2/15/2017,24,2/17/2019,1.61,0.18,2070000,37053,Limited Guarantee and Indemnity (unsupported),11600000,1
498,ID1238,Corporate,IFR109,GRP505,RM2037,1/4/2017,4/9/2017,4/9/2018,PRD016,4/9/2017,12,4/10/2018,3.23,0.34,6260000,223482,Traded Equities,16800000,2
499,ID1338,Dealer,IFR186,GRP502,RM2022,1/8/2017,5/6/2017,5/6/2018,PRD011,5/6/2017,12,5/7/2018,3.7,0.28,4720000,187856,Mortgage over Real Property (Industrial),6700000,3
